,Polylines,X,Y
0,0,158.0,230.0
1,0,158.0,231.0
2,0,158.0,232.0
3,0,158.0,233.0
4,0,158.0,234.0
5,0,158.0,235.0
6,0,158.0,236.0
7,0,158.0,237.0
8,0,158.0,238.0
9,0,157.0,239.0
10,0,157.0,240.0
11,0,157.0,241.0
12,0,157.0,242.0
13,0,157.0,243.0
14,0,157.0,244.0
15,0,157.0,245.0
16,0,157.0,246.0
17,0,157.0,247.0
18,0,157.0,248.0
19,0,157.0,249.0
20,0,158.0,250.0
21,0,159.0,250.0
22,0,160.0,250.0
23,0,161.0,251.0
24,1,254.0,35.0
25,1,255.0,35.0
26,2,254.0,35.0
27,2,255.0,34.0
28,2,255.0,33.0
29,2,255.0,32.0
30,2,255.0,31.0
31,2,255.0,30.0
32,2,255.0,29.0
33,2,255.0,28.0
34,2,255.0,27.0
35,3,69.0,236.0
36,3,69.0,237.0
37,3,70.0,238.0
38,3,70.0,239.0
39,3,70.0,240.0
40,3,71.0,241.0
41,3,71.0,242.0
42,3,72.0,243.0
43,3,73.0,244.0
44,3,74.0,245.0
45,3,75.0,246.0
46,3,76.0,247.0
47,3,76.0,248.0
48,3,76.0,249.0
49,3,77.0,249.0
50,3,78.0,250.0
51,4,185.0,108.0
52,4,185.0,109.0
53,4,184.0,110.0
54,4,183.0,111.0
55,4,183.0,112.0
56,4,183.0,113.0
57,4,182.0,114.0
58,4,181.0,115.0
59,4,181.0,116.0
60,4,181.0,117.0
61,4,180.0,118.0
62,4,179.0,119.0
63,4,179.0,120.0
64,4,178.0,121.0
65,4,178.0,121.0
66,4,177.0,122.0
67,4,177.0,123.0
68,4,176.0,124.0
69,4,176.0,125.0
70,4,176.0,125.0
71,4,175.0,126.0
72,4,174.0,127.0
73,4,174.0,128.0
74,4,174.0,129.0
75,4,173.0,130.0
76,4,173.0,131.0
77,4,172.0,132.0
78,4,172.0,133.0
79,4,172.0,134.0
80,4,171.0,135.0
81,4,171.0,136.0
82,4,171.0,137.0
83,4,171.0,138.0
84,4,170.0,139.0
85,4,170.0,140.0
86,4,170.0,141.0
87,4,170.0,142.0
88,4,170.0,143.0
89,4,170.0,144.0
90,4,170.0,145.0
91,4,170.0,146.0
92,4,170.0,147.0
93,4,169.0,148.0
94,4,169.0,149.0
95,4,169.0,150.0
96,4,169.0,151.0
97,4,169.0,152.0
98,4,169.0,153.0
99,4,169.0,154.0
100,4,169.0,155.0
101,4,169.0,156.0
102,4,169.0,157.0
103,4,169.0,158.0
104,4,169.0,159.0
105,4,169.0,160.0
106,4,169.0,161.0
107,4,169.0,162.0
108,4,168.0,163.0
109,4,168.0,164.0
110,4,168.0,165.0
111,4,168.0,166.0
112,4,169.0,167.0
113,4,169.0,168.0
114,4,169.0,169.0
115,4,168.0,170.0
116,4,168.0,171.0
117,4,168.0,172.0
118,4,168.0,173.0
119,4,168.0,174.0
120,4,168.0,175.0
121,4,168.0,176.0
122,4,168.0,177.0
123,4,168.0,178.0
124,4,167.0,179.0
125,4,167.0,180.0
126,4,167.0,181.0
127,4,167.0,182.0
128,4,167.0,183.0
129,4,166.0,184.0
130,4,166.0,185.0
131,4,166.0,186.0
132,4,165.0,187.0
133,4,165.0,188.0
134,4,165.0,189.0
135,4,164.0,190.0
136,4,164.0,191.0
137,4,163.0,192.0
138,4,163.0,193.0
139,4,163.0,194.0
140,4,162.0,195.0
141,4,162.0,196.0
142,4,162.0,197.0
143,4,162.0,198.0
144,4,162.0,199.0
145,4,162.0,200.0
146,4,162.0,201.0
147,4,162.0,202.0
148,4,162.0,203.0
149,4,162.0,204.0
150,4,161.0,205.0
151,4,161.0,206.0
152,4,161.0,207.0
153,4,160.0,208.0
154,4,160.0,209.0
155,4,159.0,210.0
156,4,159.0,211.0
157,4,159.0,212.0
158,5,169.0,194.0
159,5,170.0,193.0
160,5,171.0,193.0
161,6,198.0,191.0
162,6,198.0,192.0
163,6,198.0,193.0
164,6,198.0,194.0
165,6,197.0,195.0
166,6,197.0,196.0
167,6,197.0,197.0
168,6,196.0,198.0
169,6,196.0,199.0
170,6,196.0,200.0
171,6,195.0,201.0
172,6,195.0,202.0
173,6,194.0,203.0
174,6,194.0,204.0
175,6,193.0,205.0
176,6,193.0,206.0
177,6,193.0,207.0
178,6,193.0,208.0
179,6,192.0,209.0
180,6,192.0,210.0
181,6,192.0,211.0
182,6,191.0,212.0
183,6,191.0,213.0
184,6,191.0,214.0
185,6,191.0,215.0
186,6,191.0,216.0
187,6,191.0,217.0
188,6,190.0,218.0
189,6,190.0,219.0
190,7,172.0,69.0
191,7,173.0,70.0
192,7,174.0,70.0
193,8,120.0,98.0
194,8,121.0,99.0
195,8,121.0,100.0
196,8,121.0,101.0
197,8,121.0,102.0
198,8,121.0,103.0
199,8,121.0,104.0
200,8,121.0,105.0
201,8,121.0,106.0
202,8,121.0,107.0
203,9,200.0,67.0
204,9,201.0,67.0
205,9,202.0,68.0
206,9,202.0,69.0
207,9,203.0,70.0
208,10,217.0,29.0
209,10,218.0,29.0
210,10,219.0,29.0
211,10,220.0,29.0
212,10,221.0,30.0
213,11,60.0,246.0
214,11,60.0,247.0
215,11,60.0,248.0
216,11,60.0,249.0
217,12,147.0,26.0
218,12,147.0,26.0
219,12,148.0,25.0
220,12,149.0,25.0
221,12,150.0,24.0
222,12,151.0,23.0
223,12,152.0,22.0
224,12,153.0,21.0
225,12,153.0,20.0
226,12,153.0,19.0
227,12,154.0,18.0
228,12,154.0,17.0
229,12,154.0,17.0
230,12,155.0,16.0
231,12,156.0,15.0
232,12,156.0,14.0
233,12,156.0,13.0
234,12,157.0,12.0
235,12,158.0,11.0
236,12,158.0,10.0
237,12,158.0,9.0
238,12,159.0,8.0
239,12,159.0,7.0
240,12,160.0,6.0
241,13,153.0,222.0
242,13,153.0,223.0
243,13,153.0,224.0
244,13,153.0,225.0
245,13,153.0,226.0
246,13,154.0,227.0
247,13,154.0,228.0
248,13,155.0,229.0
249,13,155.0,229.0
250,14,73.0,114.0
251,14,74.0,115.0
252,15,229.0,198.0
253,15,229.0,199.0
254,15,229.0,200.0
255,15,230.0,201.0
256,15,230.0,202.0
257,15,230.0,203.0
258,15,230.0,204.0
259,15,230.0,205.0
260,15,230.0,206.0
261,15,231.0,207.0
262,15,231.0,208.0
263,15,231.0,209.0
264,15,232.0,210.0
265,15,232.0,211.0
266,15,232.0,212.0
267,15,232.0,213.0
268,15,232.0,214.0
269,15,232.0,215.0
270,15,232.0,216.0
271,15,232.0,217.0
272,15,232.0,218.0
273,15,232.0,219.0
274,15,232.0,220.0
275,15,232.0,221.0
276,15,232.0,222.0
277,15,232.0,223.0
278,15,232.0,224.0
279,15,232.0,225.0
280,15,232.0,226.0
281,15,232.0,227.0
282,15,232.0,228.0
283,15,232.0,229.0
284,15,232.0,230.0
285,16,84.0,198.0
286,16,84.0,199.0
287,16,85.0,200.0
288,16,85.0,201.0
289,16,85.0,202.0
290,16,86.0,203.0
291,16,86.0,204.0
292,16,86.0,205.0
293,16,87.0,206.0
294,16,87.0,207.0
295,16,88.0,208.0
296,16,88.0,209.0
297,16,88.0,210.0
298,16,88.0,211.0
299,16,88.0,212.0
300,16,89.0,213.0
301,16,89.0,214.0
302,16,89.0,215.0
303,16,89.0,216.0
304,16,89.0,217.0
305,16,89.0,218.0
306,16,89.0,219.0
307,16,89.0,220.0
308,16,89.0,221.0
309,16,89.0,222.0
310,16,89.0,223.0
311,16,89.0,224.0
312,16,89.0,225.0
313,16,89.0,226.0
314,16,89.0,227.0
315,16,88.0,228.0
316,16,88.0,229.0
317,16,88.0,230.0
318,16,88.0,231.0
319,16,89.0,232.0
320,16,88.0,233.0
321,16,88.0,234.0
322,17,104.0,195.0
323,17,105.0,196.0
324,17,105.0,197.0
325,17,106.0,198.0
326,17,106.0,199.0
327,17,106.0,200.0
328,17,107.0,201.0
329,17,107.0,202.0
330,17,107.0,203.0
331,17,107.0,204.0
332,17,107.0,205.0
333,17,107.0,206.0
334,17,107.0,207.0
335,18,27.0,195.0
336,18,27.0,196.0
337,18,27.0,197.0
338,18,27.0,198.0
339,18,26.0,199.0
340,18,26.0,200.0
341,18,25.0,201.0
342,18,25.0,202.0
343,18,24.0,203.0
344,18,24.0,204.0
345,18,23.0,205.0
346,18,23.0,206.0
347,18,22.0,207.0
348,18,21.0,208.0
349,18,21.0,209.0
350,18,20.0,210.0
351,18,20.0,211.0
352,18,20.0,212.0
353,18,20.0,213.0
354,18,20.0,214.0
355,19,125.0,249.0
356,19,125.0,250.0
357,20,80.0,129.0
358,20,81.0,129.0
359,20,82.0,130.0
360,20,82.0,131.0
361,20,82.0,132.0
362,20,82.0,133.0
363,20,81.0,134.0
364,20,81.0,135.0
365,20,81.0,136.0
366,20,81.0,137.0
367,20,81.0,138.0
368,20,80.0,139.0
369,20,80.0,140.0
370,21,50.0,248.0
371,21,50.0,249.0
372,21,51.0,250.0
373,22,208.0,172.0
374,22,209.0,171.0
375,23,145.0,244.0
376,23,145.0,245.0
377,23,145.0,246.0
378,23,145.0,247.0
379,23,145.0,248.0
380,23,145.0,249.0
381,24,103.0,227.0
382,24,103.0,228.0
383,24,103.0,229.0
384,24,102.0,230.0
385,24,102.0,231.0
386,24,102.0,232.0
387,24,102.0,233.0
388,24,102.0,234.0
389,24,102.0,235.0
390,24,101.0,236.0
391,24,101.0,237.0
392,24,101.0,238.0
393,24,101.0,239.0
394,24,101.0,240.0
395,24,102.0,241.0
396,24,102.0,242.0
397,25,59.0,185.0
398,25,60.0,186.0
399,25,60.0,187.0
400,25,61.0,188.0
401,25,61.0,188.0
402,25,61.0,189.0
403,25,61.0,190.0
404,25,62.0,191.0
405,25,62.0,192.0
406,25,62.0,193.0
407,25,63.0,194.0
408,25,64.0,195.0
409,25,65.0,196.0
410,25,66.0,197.0
411,25,66.0,198.0
412,25,66.0,199.0
413,25,66.0,200.0
414,25,65.0,201.0
415,25,65.0,202.0
416,25,64.0,203.0
417,26,73.0,114.0
418,26,74.0,115.0
419,26,74.0,116.0
420,26,74.0,117.0
421,26,74.0,118.0
422,26,73.0,119.0
423,26,72.0,120.0
424,26,71.0,121.0
425,26,70.0,122.0
426,26,70.0,123.0
427,26,69.0,124.0
428,26,68.0,125.0
429,26,67.0,126.0
430,26,67.0,127.0
431,26,66.0,128.0
432,26,66.0,129.0
433,26,66.0,130.0
434,26,66.0,131.0
435,27,208.0,15.0
436,27,209.0,14.0
437,27,209.0,13.0
438,27,209.0,12.0
439,27,210.0,11.0
440,27,210.0,10.0
441,27,210.0,9.0
442,27,210.0,8.0
443,27,211.0,7.0
444,27,211.0,6.0
445,27,212.0,5.0
446,28,48.0,204.0
447,28,49.0,204.0
448,28,49.0,205.0
449,28,50.0,206.0
450,28,50.0,207.0
451,28,50.0,208.0
452,29,143.0,91.0
453,29,142.0,91.0
454,29,141.0,91.0
455,29,140.0,92.0
456,29,139.0,92.0
457,29,138.0,93.0
458,29,137.0,94.0
459,29,137.0,95.0
460,30,55.0,224.0
461,30,54.0,225.0
462,30,54.0,226.0
463,30,54.0,227.0
464,30,54.0,228.0
465,30,54.0,229.0
466,30,54.0,230.0
467,31,228.0,89.0
468,31,227.0,90.0
469,31,226.0,90.0
470,31,225.0,91.0
471,31,225.0,92.0
472,31,224.0,93.0
473,31,224.0,93.0
474,31,223.0,93.0
475,31,222.0,93.0
476,31,221.0,93.0
477,31,220.0,94.0
478,31,220.0,95.0
479,31,219.0,96.0
480,31,218.0,97.0
481,31,217.0,98.0
482,31,217.0,98.0
483,31,216.0,99.0
484,31,215.0,100.0
485,31,215.0,101.0
486,31,214.0,102.0
487,31,214.0,103.0
488,31,214.0,104.0
489,31,213.0,105.0
490,31,212.0,106.0
491,31,211.0,107.0
492,31,210.0,108.0
493,31,210.0,109.0
494,31,210.0,110.0
495,32,123.0,77.0
496,32,122.0,78.0
497,32,122.0,79.0
498,33,150.0,195.0
499,33,150.0,196.0
500,33,151.0,197.0
501,33,151.0,198.0
502,33,151.0,199.0
503,33,151.0,200.0
504,33,151.0,201.0
505,33,151.0,202.0
506,33,152.0,203.0
507,33,153.0,204.0
508,33,153.0,205.0
509,33,153.0,206.0
510,33,154.0,207.0
511,33,154.0,207.0
512,33,155.0,208.0
513,33,156.0,209.0
514,33,157.0,210.0
515,33,158.0,211.0
516,34,91.0,144.0
517,34,90.0,144.0
518,34,90.0,145.0
519,35,204.0,58.0
520,35,203.0,58.0
521,35,202.0,58.0
522,35,201.0,58.0
523,35,200.0,58.0
524,35,199.0,57.0
525,35,198.0,57.0
526,35,197.0,58.0
527,35,197.0,59.0
528,36,29.0,232.0
529,36,30.0,232.0
530,36,30.0,233.0
531,36,31.0,234.0
532,36,32.0,235.0
533,36,32.0,235.0
534,36,33.0,236.0
535,36,33.0,237.0
536,36,34.0,238.0
537,36,35.0,239.0
538,36,35.0,240.0
539,36,35.0,241.0
540,36,35.0,242.0
541,36,36.0,243.0
542,36,37.0,244.0
543,36,37.0,245.0
544,36,38.0,246.0
545,36,38.0,247.0
546,36,39.0,248.0
547,36,39.0,248.0
548,36,40.0,249.0
549,36,41.0,249.0
550,36,42.0,250.0
551,37,49.0,166.0
552,37,49.0,167.0
553,37,49.0,168.0
554,37,48.0,169.0
555,37,48.0,170.0
556,37,48.0,171.0
557,37,48.0,172.0
558,37,48.0,173.0
559,37,48.0,174.0
560,37,48.0,175.0
561,37,48.0,176.0
562,38,149.0,66.0
563,38,148.0,67.0
564,38,148.0,68.0
565,38,147.0,69.0
566,38,147.0,70.0
567,38,146.0,71.0
568,38,146.0,72.0
569,38,146.0,73.0
570,38,146.0,74.0
571,38,146.0,75.0
572,38,146.0,76.0
573,38,146.0,77.0
574,38,146.0,78.0
575,38,146.0,79.0
576,38,145.0,80.0
577,38,145.0,81.0
578,39,136.0,6.0
579,39,137.0,5.0
580,40,18.0,133.0
581,40,19.0,132.0
582,40,20.0,131.0
583,40,21.0,131.0
584,40,22.0,131.0
585,40,23.0,131.0
586,40,24.0,131.0
587,40,25.0,131.0
588,40,26.0,131.0
589,41,33.0,79.0
590,41,34.0,79.0
591,42,97.0,109.0
592,42,98.0,108.0
593,43,16.0,142.0
594,43,17.0,142.0
595,44,254.0,8.0
596,44,255.0,8.0
597,45,153.0,72.0
598,45,154.0,71.0
599,45,154.0,70.0
600,45,154.0,69.0
601,46,183.0,89.0
602,46,184.0,88.0
603,46,185.0,87.0
604,46,185.0,87.0
605,46,186.0,86.0
606,46,187.0,85.0
607,46,187.0,85.0
608,46,188.0,84.0
609,46,188.0,84.0
610,46,189.0,83.0
611,46,189.0,83.0
612,46,189.0,82.0
613,46,189.0,81.0
614,46,189.0,80.0
615,46,190.0,79.0
616,47,150.0,195.0
617,47,151.0,195.0
618,47,152.0,194.0
619,47,153.0,194.0
620,47,154.0,193.0
621,47,154.0,192.0
622,47,155.0,191.0
623,47,156.0,190.0
624,47,156.0,189.0
625,47,156.0,188.0
626,47,157.0,187.0
627,47,157.0,186.0
628,47,157.0,185.0
629,47,158.0,184.0
630,47,158.0,183.0
631,47,159.0,182.0
632,47,159.0,181.0
633,47,159.0,180.0
634,47,160.0,179.0
635,47,160.0,178.0
636,47,160.0,177.0
637,47,160.0,176.0
638,47,160.0,175.0
639,47,160.0,174.0
640,47,159.0,173.0
641,47,159.0,172.0
642,47,159.0,171.0
643,47,159.0,170.0
644,47,159.0,169.0
645,47,159.0,168.0
646,47,159.0,167.0
647,47,159.0,166.0
648,47,159.0,165.0
649,47,159.0,164.0
650,47,160.0,163.0
651,47,160.0,162.0
652,47,160.0,161.0
653,47,160.0,160.0
654,47,160.0,159.0
655,47,160.0,158.0
656,47,159.0,157.0
657,47,159.0,156.0
658,47,159.0,155.0
659,47,159.0,154.0
660,47,159.0,153.0
661,47,159.0,152.0
662,47,160.0,151.0
663,47,160.0,151.0
664,47,160.0,150.0
665,47,161.0,149.0
666,47,161.0,148.0
667,47,162.0,147.0
668,47,162.0,146.0
669,48,64.0,207.0
670,48,64.0,208.0
671,48,64.0,209.0
672,49,32.0,35.0
673,49,31.0,34.0
674,49,32.0,33.0
675,49,33.0,32.0
676,49,34.0,31.0
677,49,35.0,30.0
678,49,36.0,29.0
679,49,36.0,28.0
680,49,36.0,27.0
681,49,37.0,26.0
682,49,37.0,25.0
683,49,37.0,24.0
684,49,38.0,23.0
685,50,35.0,157.0
686,50,35.0,158.0
687,50,34.0,159.0
688,50,34.0,160.0
689,50,34.0,161.0
690,50,34.0,162.0
691,50,34.0,163.0
692,50,34.0,164.0
693,50,33.0,165.0
694,50,33.0,166.0
695,50,32.0,166.0
696,50,31.0,166.0
697,50,30.0,167.0
698,50,30.0,168.0
699,50,29.0,169.0
700,50,29.0,170.0
701,50,28.0,171.0
702,50,27.0,172.0
703,50,26.0,173.0
704,50,26.0,174.0
705,50,26.0,175.0
706,50,25.0,176.0
707,50,25.0,176.0
708,50,24.0,177.0
709,50,23.0,178.0
710,50,22.0,179.0
711,50,21.0,180.0
712,50,20.0,181.0
713,50,19.0,182.0
714,50,19.0,183.0
715,50,18.0,184.0
716,50,18.0,185.0
717,50,18.0,186.0
718,50,18.0,186.0
719,50,17.0,187.0
720,50,16.0,188.0
721,50,15.0,189.0
722,50,15.0,190.0
723,51,70.0,156.0
724,51,70.0,157.0
725,51,70.0,158.0
726,51,70.0,159.0
727,51,70.0,160.0
728,51,70.0,161.0
729,51,70.0,162.0
730,51,70.0,163.0
731,51,70.0,164.0
732,51,71.0,165.0
733,51,71.0,166.0
734,51,71.0,167.0
735,51,72.0,168.0
736,51,72.0,169.0
737,51,73.0,170.0
738,51,73.0,171.0
739,51,73.0,172.0
740,51,74.0,173.0
741,51,74.0,173.0
742,51,75.0,174.0
743,51,76.0,175.0
744,51,76.0,176.0
745,51,77.0,177.0
746,51,77.0,178.0
747,51,78.0,179.0
748,51,78.0,180.0
749,51,78.0,181.0
750,51,78.0,182.0
751,51,78.0,183.0
752,51,78.0,184.0
753,51,79.0,185.0
754,51,80.0,186.0
755,51,80.0,186.0
756,51,81.0,186.0
757,51,82.0,186.0
758,52,86.0,30.0
759,52,87.0,30.0
760,52,88.0,30.0
761,53,149.0,146.0
762,53,150.0,147.0
763,53,150.0,148.0
764,53,150.0,149.0
765,53,150.0,150.0
766,53,149.0,151.0
767,53,149.0,152.0
768,53,149.0,153.0
769,53,149.0,154.0
770,53,149.0,155.0
771,53,149.0,156.0
772,53,148.0,157.0
773,53,147.0,158.0
774,53,147.0,159.0
775,53,146.0,160.0
776,53,145.0,161.0
777,53,145.0,162.0
778,53,145.0,163.0
779,53,144.0,164.0
780,53,144.0,165.0
781,53,144.0,166.0
782,53,144.0,167.0
783,53,144.0,168.0
784,53,144.0,169.0
785,53,144.0,170.0
786,53,144.0,171.0
787,53,144.0,172.0
788,53,143.0,173.0
789,53,143.0,174.0
790,54,206.0,138.0
791,54,205.0,139.0
792,54,204.0,140.0
793,54,203.0,141.0
794,54,203.0,142.0
795,54,203.0,143.0
796,54,202.0,144.0
797,54,202.0,144.0
798,54,201.0,145.0
799,54,200.0,146.0
800,54,200.0,147.0
801,55,159.0,43.0
802,55,159.0,42.0
803,55,158.0,41.0
804,55,159.0,40.0
805,56,183.0,58.0
806,56,184.0,59.0
807,56,184.0,60.0
808,56,184.0,61.0
809,56,184.0,62.0
810,56,183.0,63.0
811,57,17.0,62.0
812,57,17.0,63.0
813,57,18.0,63.0
814,58,249.0,81.0
815,58,250.0,81.0
816,58,251.0,80.0
817,59,186.0,105.0
818,59,187.0,104.0
819,60,145.0,244.0
820,60,146.0,244.0
821,60,147.0,245.0
822,60,148.0,245.0
823,60,149.0,245.0
824,61,193.0,6.0
825,61,193.0,7.0
826,61,193.0,8.0
827,61,192.0,9.0
828,61,192.0,10.0
829,61,192.0,11.0
830,61,192.0,12.0
831,61,192.0,13.0
832,61,192.0,14.0
833,61,192.0,15.0
834,61,192.0,16.0
835,62,229.0,198.0
836,62,230.0,198.0
837,62,231.0,197.0
838,62,232.0,197.0
839,62,233.0,197.0
840,62,234.0,197.0
841,62,235.0,197.0
842,62,236.0,198.0
843,62,237.0,198.0
844,62,238.0,198.0
845,62,239.0,199.0
846,62,240.0,198.0
847,62,241.0,198.0
848,62,242.0,198.0
849,62,243.0,198.0
850,62,244.0,198.0
851,62,245.0,197.0
852,62,246.0,197.0
853,62,247.0,196.0
854,62,248.0,195.0
855,62,248.0,194.0
856,62,249.0,193.0
857,62,249.0,192.0
858,62,249.0,191.0
859,62,249.0,190.0
860,62,249.0,189.0
861,62,249.0,188.0
862,62,249.0,187.0
863,62,249.0,186.0
864,63,203.0,71.0
865,63,204.0,72.0
866,63,205.0,72.0
867,63,206.0,72.0
868,64,221.0,30.0
869,64,222.0,30.0
870,64,223.0,30.0
871,64,223.0,29.0
872,64,224.0,28.0
873,64,224.0,27.0
874,64,224.0,26.0
875,64,225.0,25.0
876,64,225.0,24.0
877,64,225.0,24.0
878,64,226.0,23.0
879,64,227.0,23.0
880,65,195.0,141.0
881,65,196.0,140.0
882,66,209.0,55.0
883,66,209.0,56.0
884,66,209.0,57.0
885,67,255.0,0.0
886,67,255.0,1.0
887,67,255.0,2.0
888,68,102.0,124.0
889,68,101.0,125.0
890,68,100.0,126.0
891,68,100.0,127.0
892,68,99.0,128.0
893,68,98.0,129.0
894,68,97.0,130.0
895,68,97.0,131.0
896,68,96.0,132.0
897,68,96.0,133.0
898,68,95.0,134.0
899,68,95.0,135.0
900,68,95.0,136.0
901,68,95.0,137.0
902,68,95.0,138.0
903,69,32.0,117.0
904,69,31.0,118.0
905,69,31.0,119.0
906,70,143.0,50.0
907,70,142.0,51.0
908,70,142.0,52.0
909,70,142.0,53.0
910,70,141.0,54.0
911,70,140.0,55.0
912,70,140.0,56.0
913,70,140.0,57.0
914,70,140.0,58.0
915,70,140.0,59.0
916,70,140.0,60.0
917,71,48.0,202.0
918,71,48.0,203.0
919,71,48.0,204.0
920,72,167.0,64.0
921,72,166.0,65.0
922,72,166.0,66.0
923,72,168.0,67.0
924,73,196.0,60.0
925,73,196.0,61.0
926,73,197.0,62.0
927,73,198.0,63.0
928,74,132.0,5.0
929,74,131.0,6.0
930,74,130.0,6.0
931,74,129.0,6.0
932,74,129.0,7.0
933,74,128.0,8.0
934,74,128.0,9.0
935,74,128.0,10.0
936,74,128.0,11.0
937,74,128.0,12.0
938,74,128.0,13.0
939,74,128.0,14.0
940,74,127.0,15.0
941,74,127.0,15.0
942,74,127.0,16.0
943,74,127.0,17.0
944,74,126.0,18.0
945,74,126.0,19.0
946,74,125.0,20.0
947,74,124.0,21.0
948,74,124.0,22.0
949,75,131.0,108.0
950,75,131.0,109.0
951,75,131.0,110.0
952,75,131.0,111.0
953,75,131.0,112.0
954,75,130.0,113.0
955,75,130.0,114.0
956,76,32.0,13.0
957,76,32.0,14.0
958,76,32.0,15.0
959,76,32.0,16.0
960,76,32.0,17.0
961,76,32.0,18.0
962,76,32.0,19.0
963,76,33.0,20.0
964,76,33.0,21.0
965,76,33.0,22.0
966,76,34.0,23.0
967,76,34.0,24.0
968,76,35.0,25.0
969,76,35.0,25.0
970,77,224.0,193.0
971,77,225.0,193.0
972,77,226.0,193.0
973,77,227.0,193.0
974,77,227.0,193.0
975,77,228.0,194.0
976,78,0.0,142.0
977,78,1.0,142.0
978,78,2.0,142.0
979,78,3.0,141.0
980,78,4.0,141.0
981,78,5.0,140.0
982,79,214.0,66.0
983,79,215.0,66.0
984,79,216.0,65.0
985,79,217.0,64.0
986,79,218.0,63.0
987,79,219.0,63.0
988,79,220.0,63.0
989,80,107.0,248.0
990,80,108.0,249.0
991,80,108.0,250.0
992,80,109.0,251.0
993,81,3.0,76.0
994,81,4.0,75.0
995,82,81.0,191.0
996,82,81.0,192.0
997,82,81.0,193.0
998,82,81.0,194.0
999,82,82.0,195.0
1000,82,82.0,195.0
1001,82,83.0,196.0
1002,82,83.0,197.0
1003,82,84.0,198.0
1004,83,88.0,56.0
1005,83,89.0,55.0
1006,83,89.0,54.0
1007,83,90.0,53.0
1008,83,90.0,52.0
1009,83,90.0,51.0
1010,83,90.0,50.0
1011,84,60.0,242.0
1012,84,61.0,242.0
1013,85,203.0,70.0
1014,85,204.0,69.0
1015,85,204.0,69.0
1016,85,205.0,68.0
1017,86,93.0,34.0
1018,86,93.0,35.0
1019,86,93.0,36.0
1020,86,92.0,37.0
1021,86,91.0,38.0
1022,86,90.0,39.0
1023,86,90.0,40.0
1024,86,90.0,41.0
1025,86,89.0,42.0
1026,86,89.0,43.0
1027,86,89.0,44.0
1028,86,89.0,45.0
1029,87,57.0,225.0
1030,87,58.0,225.0
1031,88,165.0,215.0
1032,88,166.0,215.0
1033,88,167.0,215.0
1034,88,167.0,214.0
1035,88,168.0,213.0
1036,88,169.0,212.0
1037,88,170.0,211.0
1038,88,171.0,211.0
1039,88,172.0,211.0
1040,88,173.0,211.0
1041,88,174.0,211.0
1042,88,175.0,212.0
1043,88,176.0,213.0
1044,88,177.0,214.0
1045,88,178.0,215.0
1046,88,179.0,216.0
1047,88,179.0,217.0
1048,88,178.0,218.0
1049,88,178.0,219.0
1050,88,178.0,220.0
1051,88,177.0,221.0
1052,88,177.0,222.0
1053,88,176.0,223.0
1054,88,175.0,224.0
1055,88,175.0,225.0
1056,88,174.0,226.0
1057,89,126.0,229.0
1058,89,127.0,229.0
1059,89,128.0,229.0
1060,89,129.0,228.0
1061,90,128.0,104.0
1062,90,129.0,103.0
1063,91,64.0,180.0
1064,91,64.0,181.0
1065,91,65.0,182.0
1066,91,66.0,183.0
1067,91,66.0,184.0
1068,91,67.0,185.0
1069,91,68.0,186.0
1070,91,68.0,187.0
1071,91,68.0,188.0
1072,91,68.0,189.0
1073,92,107.0,106.0
1074,92,107.0,107.0
1075,92,107.0,108.0
1076,92,107.0,109.0
1077,92,106.0,110.0
1078,92,106.0,111.0
1079,92,105.0,112.0
1080,92,105.0,112.0
1081,92,105.0,113.0
1082,92,105.0,114.0
1083,92,104.0,115.0
1084,92,104.0,116.0
1085,92,104.0,117.0
1086,92,104.0,118.0
1087,92,104.0,119.0
1088,92,104.0,120.0
1089,92,103.0,121.0
1090,92,103.0,122.0
1091,92,102.0,123.0
1092,92,102.0,124.0
1093,93,65.0,72.0
1094,93,66.0,72.0
1095,94,10.0,60.0
1096,94,9.0,60.0
1097,94,8.0,60.0
1098,94,8.0,61.0
1099,95,125.0,245.0
1100,95,126.0,244.0
1101,95,126.0,243.0
1102,95,126.0,242.0
1103,95,126.0,241.0
1104,95,126.0,240.0
1105,95,127.0,239.0
1106,95,127.0,238.0
1107,96,91.0,124.0
1108,96,92.0,124.0
1109,96,93.0,123.0
1110,96,94.0,122.0
1111,96,95.0,121.0
1112,96,96.0,120.0
1113,96,97.0,119.0
1114,96,98.0,118.0
1115,96,99.0,117.0
1116,97,46.0,80.0
1117,97,47.0,80.0
1118,97,48.0,80.0
1119,97,49.0,80.0
1120,98,210.0,232.0
1121,98,210.0,233.0
1122,98,210.0,234.0
1123,98,210.0,235.0
1124,98,211.0,236.0
1125,98,212.0,237.0
1126,98,213.0,238.0
1127,98,214.0,239.0
1128,98,214.0,239.0
1129,98,215.0,240.0
1130,98,216.0,241.0
1131,98,216.0,241.0
1132,98,217.0,242.0
1133,98,218.0,242.0
1134,98,219.0,242.0
1135,99,172.0,233.0
1136,99,172.0,234.0
1137,99,172.0,235.0
1138,99,172.0,236.0
1139,99,172.0,237.0
1140,99,172.0,238.0
1141,99,172.0,239.0
1142,99,172.0,240.0
1143,99,172.0,241.0
1144,99,172.0,242.0
1145,99,172.0,243.0
1146,100,226.0,187.0
1147,100,226.0,188.0
1148,100,227.0,188.0
1149,100,228.0,188.0
1150,101,213.0,136.0
1151,101,212.0,136.0
1152,101,211.0,136.0
1153,101,210.0,136.0
1154,101,209.0,136.0
1155,101,208.0,135.0
1156,101,207.0,134.0
1157,101,208.0,133.0
1158,101,208.0,132.0
1159,101,209.0,131.0
1160,101,209.0,130.0
1161,101,209.0,129.0
1162,101,210.0,128.0
1163,101,211.0,127.0
1164,101,212.0,126.0
1165,101,212.0,125.0
1166,101,212.0,124.0
1167,101,213.0,123.0
1168,101,213.0,122.0
1169,101,213.0,121.0
1170,101,213.0,120.0
1171,101,213.0,119.0
1172,101,214.0,118.0
1173,101,214.0,117.0
1174,101,214.0,116.0
1175,101,215.0,115.0
1176,101,216.0,114.0
1177,101,216.0,113.0
1178,101,217.0,112.0
1179,101,217.0,111.0
1180,101,218.0,110.0
1181,101,218.0,109.0
1182,101,218.0,108.0
1183,101,218.0,107.0
1184,101,218.0,106.0
1185,102,105.0,170.0
1186,102,106.0,169.0
1187,102,107.0,168.0
1188,102,108.0,168.0
1189,102,109.0,168.0
1190,103,210.0,56.0
1191,103,211.0,57.0
1192,104,209.0,55.0
1193,104,208.0,55.0
1194,104,207.0,55.0
1195,104,207.0,56.0
1196,105,213.0,39.0
1197,105,213.0,40.0
1198,105,213.0,41.0
1199,105,212.0,42.0
1200,105,212.0,43.0
1201,105,212.0,44.0
1202,105,212.0,45.0
1203,105,212.0,46.0
1204,105,212.0,47.0
1205,105,211.0,48.0
1206,105,211.0,49.0
1207,105,211.0,50.0
1208,105,211.0,51.0
1209,106,113.0,200.0
1210,106,113.0,201.0
1211,106,114.0,202.0
1212,106,114.0,203.0
1213,106,114.0,203.0
1214,106,115.0,204.0
1215,106,116.0,205.0
1216,106,116.0,206.0
1217,106,117.0,207.0
1218,106,117.0,208.0
1219,106,117.0,209.0
1220,106,118.0,210.0
1221,107,98.0,240.0
1222,107,99.0,240.0
1223,107,100.0,239.0
1224,108,223.0,46.0
1225,108,224.0,47.0
1226,108,224.0,48.0
1227,108,224.0,49.0
1228,108,225.0,50.0
1229,108,225.0,51.0
1230,108,225.0,52.0
1231,108,225.0,53.0
1232,108,225.0,54.0
1233,109,169.0,33.0
1234,109,170.0,33.0
1235,110,57.0,225.0
1236,110,58.0,224.0
1237,111,194.0,89.0
1238,111,195.0,90.0
1239,111,196.0,90.0
1240,111,197.0,90.0
1241,112,86.0,27.0
1242,112,86.0,28.0
1243,112,86.0,29.0
1244,112,86.0,30.0
1245,113,225.0,12.0
1246,113,226.0,11.0
1247,113,227.0,10.0
1248,113,228.0,9.0
1249,113,228.0,8.0
1250,113,229.0,7.0
1251,113,230.0,6.0
1252,113,230.0,5.0
1253,113,231.0,4.0
1254,114,130.0,98.0
1255,114,131.0,98.0
1256,114,132.0,98.0
1257,115,121.0,218.0
1258,115,120.0,219.0
1259,115,120.0,220.0
1260,115,120.0,221.0
1261,115,120.0,222.0
1262,115,121.0,223.0
1263,115,121.0,224.0
1264,115,121.0,225.0
1265,116,211.0,51.0
1266,116,210.0,51.0
1267,116,209.0,52.0
1268,116,209.0,53.0
1269,117,34.0,199.0
1270,117,34.0,200.0
1271,117,34.0,201.0
1272,117,35.0,202.0
1273,117,36.0,202.0
1274,117,37.0,202.0
1275,117,38.0,203.0
1276,117,39.0,202.0
1277,117,40.0,202.0
1278,117,41.0,202.0
1279,118,66.0,105.0
1280,118,65.0,106.0
1281,118,64.0,107.0
1282,118,64.0,108.0
1283,118,64.0,109.0
1284,119,71.0,64.0
1285,119,71.0,65.0
1286,119,71.0,66.0
1287,119,70.0,67.0
1288,119,69.0,68.0
1289,119,68.0,69.0
1290,119,67.0,70.0
1291,119,66.0,71.0
1292,119,65.0,71.0
1293,119,65.0,72.0
1294,120,49.0,79.0
1295,120,49.0,79.0
1296,121,62.0,242.0
1297,121,63.0,241.0
1298,122,89.0,100.0
1299,122,90.0,101.0
1300,122,91.0,102.0
1301,123,118.0,86.0
1302,123,119.0,86.0
1303,123,120.0,86.0
1304,123,121.0,86.0
1305,123,122.0,85.0
1306,123,123.0,85.0
1307,123,124.0,85.0
1308,124,70.0,212.0
1309,124,71.0,211.0
1310,125,88.0,148.0
1311,125,89.0,148.0
1312,125,90.0,147.0
1313,125,90.0,146.0
1314,126,157.0,41.0
1315,126,158.0,40.0
1316,127,190.0,100.0
1317,127,191.0,99.0
1318,127,192.0,98.0
1319,127,192.0,97.0
1320,127,193.0,96.0
1321,127,193.0,96.0
1322,127,194.0,95.0
1323,127,194.0,95.0
1324,127,195.0,94.0
1325,127,196.0,94.0
1326,127,197.0,93.0
1327,128,92.0,237.0
1328,128,93.0,236.0
1329,128,94.0,235.0
1330,128,94.0,234.0
1331,128,95.0,233.0
1332,128,95.0,232.0
1333,128,95.0,231.0
1334,128,96.0,230.0
1335,128,97.0,229.0
1336,128,97.0,228.0
1337,128,98.0,228.0
1338,128,99.0,227.0
1339,128,100.0,227.0
1340,128,101.0,227.0
1341,128,102.0,227.0
1342,128,103.0,227.0
1343,129,57.0,152.0
1344,129,58.0,151.0
1345,129,58.0,151.0
1346,129,59.0,151.0
1347,129,60.0,151.0
1348,129,60.0,151.0
1349,129,61.0,150.0
1350,129,62.0,150.0
1351,129,63.0,149.0
1352,130,7.0,56.0
1353,130,7.0,57.0
1354,130,7.0,58.0
1355,130,7.0,59.0
1356,130,7.0,60.0
1357,130,8.0,61.0
1358,131,171.0,225.0
1359,131,172.0,225.0
1360,131,173.0,225.0
1361,131,174.0,226.0
1362,132,196.0,117.0
1363,132,197.0,116.0
1364,132,198.0,115.0
1365,132,198.0,114.0
1366,133,189.0,155.0
1367,133,188.0,156.0
1368,133,188.0,157.0
1369,134,158.0,211.0
1370,134,159.0,210.0
1371,135,51.0,7.0
1372,135,50.0,8.0
1373,135,50.0,9.0
1374,135,50.0,10.0
1375,135,49.0,10.0
1376,135,48.0,11.0
1377,135,48.0,12.0
1378,135,47.0,13.0
1379,135,46.0,14.0
1380,135,45.0,15.0
1381,135,45.0,16.0
1382,136,38.0,14.0
1383,136,38.0,15.0
1384,136,39.0,16.0
1385,136,40.0,16.0
1386,136,41.0,16.0
1387,136,42.0,16.0
1388,136,43.0,16.0
1389,136,44.0,16.0
1390,136,45.0,16.0
1391,137,143.0,24.0
1392,137,144.0,25.0
1393,137,145.0,25.0
1394,137,146.0,25.0
1395,137,147.0,26.0
1396,138,64.0,204.0
1397,138,65.0,204.0
1398,138,66.0,203.0
1399,139,213.0,39.0
1400,139,214.0,38.0
1401,139,215.0,37.0
1402,139,216.0,36.0
1403,139,217.0,36.0
1404,139,218.0,35.0
1405,139,218.0,34.0
1406,139,219.0,33.0
1407,140,47.0,79.0
1408,140,48.0,79.0
1409,140,49.0,79.0
1410,141,4.0,76.0
1411,141,5.0,76.0
1412,142,203.0,243.0
1413,142,203.0,244.0
1414,142,203.0,245.0
1415,142,203.0,246.0
1416,142,204.0,247.0
1417,142,204.0,248.0
1418,142,204.0,249.0
1419,143,84.0,183.0
1420,143,83.0,183.0
1421,143,82.0,184.0
1422,143,82.0,185.0
1423,143,82.0,186.0
1424,144,59.0,242.0
1425,144,60.0,242.0
1426,145,18.0,234.0
1427,145,19.0,235.0
1428,145,19.0,236.0
1429,145,19.0,237.0
1430,145,19.0,238.0
1431,145,20.0,239.0
1432,145,20.0,240.0
1433,145,20.0,241.0
1434,145,20.0,242.0
1435,145,20.0,243.0
1436,145,20.0,244.0
1437,145,21.0,245.0
1438,145,21.0,246.0
1439,145,21.0,247.0
1440,145,21.0,248.0
1441,145,22.0,249.0
1442,145,22.0,250.0
1443,146,75.0,223.0
1444,146,74.0,224.0
1445,146,73.0,225.0
1446,146,73.0,225.0
1447,146,72.0,226.0
1448,146,72.0,227.0
1449,147,68.0,84.0
1450,147,68.0,85.0
1451,147,68.0,86.0
1452,147,67.0,87.0
1453,147,67.0,87.0
1454,147,66.0,88.0
1455,147,65.0,89.0
1456,147,64.0,90.0
1457,147,63.0,91.0
1458,147,62.0,92.0
1459,147,62.0,92.0
1460,147,61.0,93.0
1461,147,61.0,93.0
1462,147,60.0,94.0
1463,147,60.0,94.0
1464,147,60.0,95.0
1465,148,204.0,43.0
1466,148,203.0,43.0
1467,148,202.0,43.0
1468,148,201.0,45.0
1469,148,200.0,46.0
1470,148,199.0,47.0
1471,148,198.0,48.0
1472,148,198.0,49.0
1473,148,198.0,50.0
1474,148,198.0,51.0
1475,149,155.0,189.0
1476,149,156.0,188.0
1477,150,239.0,76.0
1478,150,240.0,76.0
1479,150,240.0,75.0
1480,150,241.0,74.0
1481,150,242.0,74.0
1482,150,243.0,74.0
1483,150,244.0,74.0
1484,150,245.0,74.0
1485,151,139.0,62.0
1486,151,140.0,63.0
1487,151,141.0,64.0
1488,151,142.0,65.0
1489,151,142.0,66.0
1490,151,143.0,67.0
1491,151,144.0,68.0
1492,151,144.0,69.0
1493,151,144.0,70.0
1494,151,145.0,70.0
1495,151,146.0,71.0
1496,152,18.0,233.0
1497,152,19.0,233.0
1498,152,20.0,232.0
1499,153,174.0,226.0
1500,153,174.0,226.0
1501,154,209.0,171.0
1502,154,209.0,172.0
1503,154,210.0,173.0
1504,154,210.0,174.0
1505,154,209.0,175.0
1506,154,209.0,176.0
1507,154,209.0,177.0
1508,154,208.0,178.0
1509,154,208.0,179.0
1510,154,207.0,180.0
1511,154,207.0,181.0
1512,155,185.0,208.0
1513,155,185.0,209.0
1514,155,184.0,210.0
1515,155,184.0,211.0
1516,155,183.0,212.0
1517,155,183.0,213.0
1518,155,183.0,214.0
1519,155,183.0,215.0
1520,155,184.0,216.0
1521,156,95.0,178.0
1522,156,96.0,178.0
1523,156,97.0,178.0
1524,156,98.0,178.0
1525,156,99.0,179.0
1526,157,13.0,170.0
1527,157,14.0,171.0
1528,157,15.0,171.0
1529,157,16.0,172.0
1530,158,49.0,79.0
1531,158,50.0,80.0
1532,158,51.0,81.0
1533,158,52.0,82.0
1534,159,131.0,108.0
1535,159,132.0,108.0
1536,159,133.0,108.0
1537,159,134.0,107.0
1538,160,28.0,231.0
1539,160,28.0,231.0
1540,160,29.0,232.0
1541,161,56.0,240.0
1542,161,57.0,240.0
1543,161,58.0,241.0
1544,161,59.0,242.0
1545,162,112.0,174.0
1546,162,111.0,174.0
1547,162,110.0,175.0
1548,162,109.0,175.0
1549,162,109.0,176.0
1550,163,174.0,41.0
1551,163,174.0,42.0
1552,164,30.0,55.0
1553,164,29.0,55.0
1554,164,28.0,55.0
1555,164,28.0,56.0
1556,165,159.0,40.0
1557,165,159.0,41.0
1558,165,160.0,42.0
1559,166,190.0,73.0
1560,166,191.0,73.0
1561,166,192.0,72.0
1562,166,192.0,72.0
1563,166,193.0,71.0
1564,166,194.0,70.0
1565,166,195.0,69.0
1566,166,196.0,69.0
1567,166,197.0,69.0
1568,166,197.0,69.0
1569,166,198.0,68.0
1570,166,199.0,68.0
1571,166,200.0,67.0
1572,167,109.0,26.0
1573,167,110.0,26.0
1574,168,65.0,207.0
1575,168,66.0,207.0
1576,168,67.0,208.0
1577,169,116.0,145.0
1578,169,117.0,144.0
1579,169,118.0,143.0
1580,169,119.0,142.0
1581,169,120.0,141.0
1582,170,174.0,70.0
1583,170,175.0,69.0
1584,171,14.0,137.0
1585,171,15.0,137.0
1586,171,15.0,138.0
1587,172,148.0,47.0
1588,172,147.0,48.0
1589,172,147.0,49.0
1590,173,43.0,184.0
1591,173,44.0,185.0
1592,174,131.0,100.0
1593,174,132.0,100.0
1594,175,182.0,50.0
1595,175,183.0,51.0
1596,175,183.0,52.0
1597,176,82.0,90.0
1598,176,83.0,90.0
1599,176,84.0,91.0
1600,176,85.0,91.0
1601,176,86.0,92.0
1602,176,87.0,93.0
1603,176,88.0,93.0
1604,176,89.0,94.0
1605,176,89.0,95.0
1606,176,90.0,96.0
1607,176,90.0,97.0
1608,177,179.0,42.0
1609,177,179.0,43.0
1610,177,179.0,44.0
1611,177,179.0,45.0
1612,178,83.0,61.0
1613,178,84.0,60.0
1614,178,85.0,59.0
1615,179,82.0,216.0
1616,179,81.0,216.0
1617,179,80.0,216.0
1618,179,79.0,217.0
1619,179,79.0,217.0
1620,179,78.0,218.0
1621,179,77.0,219.0
1622,179,76.0,220.0
1623,179,76.0,221.0
1624,179,75.0,222.0
1625,179,75.0,223.0
1626,180,208.0,15.0
1627,180,209.0,16.0
1628,180,210.0,16.0
1629,180,211.0,16.0
1630,180,212.0,17.0
1631,181,14.0,136.0
1632,181,15.0,137.0
1633,182,214.0,199.0
1634,182,215.0,198.0
1635,182,215.0,197.0
1636,182,215.0,196.0
1637,182,215.0,195.0
1638,182,216.0,194.0
1639,182,216.0,193.0
1640,182,216.0,192.0
1641,182,217.0,191.0
1642,182,217.0,190.0
1643,182,218.0,189.0
1644,182,219.0,188.0
1645,182,219.0,187.0
1646,182,220.0,186.0
1647,182,220.0,186.0
1648,182,220.0,185.0
1649,182,220.0,184.0
1650,182,220.0,183.0
1651,182,220.0,182.0
1652,182,220.0,181.0
1653,182,221.0,180.0
1654,182,221.0,179.0
1655,182,221.0,178.0
1656,182,221.0,177.0
1657,183,210.0,73.0
1658,183,211.0,74.0
1659,184,44.0,185.0
1660,184,45.0,185.0
1661,184,46.0,184.0
1662,184,47.0,184.0
1663,184,48.0,183.0
1664,184,49.0,182.0
1665,184,49.0,181.0
1666,185,120.0,156.0
1667,185,119.0,157.0
1668,185,119.0,158.0
1669,185,119.0,159.0
1670,185,118.0,160.0
1671,185,118.0,161.0
1672,185,118.0,162.0
1673,185,119.0,163.0
1674,185,119.0,164.0
1675,185,120.0,165.0
1676,185,121.0,166.0
1677,185,121.0,167.0
1678,185,121.0,168.0
1679,185,122.0,169.0
1680,185,122.0,170.0
1681,185,122.0,171.0
1682,186,216.0,18.0
1683,186,217.0,19.0
1684,186,218.0,20.0
1685,186,218.0,21.0
1686,186,218.0,22.0
1687,186,219.0,23.0
1688,186,219.0,24.0
1689,186,219.0,25.0
1690,186,219.0,26.0
1691,186,218.0,27.0
1692,186,218.0,28.0
1693,187,126.0,75.0
1694,187,127.0,74.0
1695,187,128.0,73.0
1696,187,128.0,72.0
1697,187,129.0,71.0
1698,187,129.0,70.0
1699,187,130.0,69.0
1700,187,131.0,69.0
1701,187,132.0,69.0
1702,187,133.0,69.0
1703,187,134.0,68.0
1704,188,65.0,72.0
1705,188,65.0,73.0
1706,188,66.0,73.0
1707,188,67.0,74.0
1708,188,68.0,75.0
1709,188,68.0,76.0
1710,188,69.0,77.0
1711,188,70.0,78.0
1712,189,34.0,80.0
1713,189,35.0,79.0
1714,190,75.0,150.0
1715,190,76.0,149.0
1716,190,77.0,149.0
1717,190,78.0,149.0
1718,190,79.0,149.0
1719,190,80.0,150.0
1720,191,139.0,163.0
1721,191,140.0,163.0
1722,191,141.0,163.0
1723,192,102.0,197.0
1724,192,103.0,196.0
1725,192,103.0,196.0
1726,192,104.0,195.0
1727,193,53.0,102.0
1728,193,52.0,102.0
1729,193,51.0,103.0
1730,193,50.0,103.0
1731,193,49.0,103.0
1732,193,48.0,103.0
1733,193,47.0,104.0
1734,193,46.0,104.0
1735,193,45.0,105.0
1736,193,45.0,105.0
1737,193,44.0,106.0
1738,193,43.0,107.0
1739,193,42.0,108.0
1740,193,42.0,109.0
1741,193,42.0,110.0
1742,193,41.0,111.0
1743,193,41.0,112.0
1744,193,41.0,113.0
1745,193,40.0,114.0
1746,193,40.0,115.0
1747,194,34.0,34.0
1748,194,36.0,35.0
1749,194,37.0,35.0
1750,194,38.0,35.0
1751,194,39.0,36.0
1752,194,40.0,36.0
1753,194,41.0,36.0
1754,194,42.0,35.0
1755,194,43.0,34.0
1756,194,43.0,33.0
1757,194,43.0,32.0
1758,195,250.0,188.0
1759,195,251.0,187.0
1760,195,251.0,186.0
1761,195,252.0,185.0
1762,195,252.0,184.0
1763,195,252.0,183.0
1764,195,253.0,182.0
1765,195,254.0,181.0
1766,195,255.0,181.0
1767,196,35.0,25.0
1768,196,36.0,26.0
1769,196,36.0,26.0
1770,197,96.0,102.0
1771,197,96.0,103.0
1772,197,96.0,104.0
1773,197,96.0,105.0
1774,197,96.0,106.0
1775,197,97.0,107.0
1776,197,97.0,108.0
1777,197,97.0,109.0
1778,198,179.0,99.0
1779,198,180.0,100.0
1780,198,179.0,101.0
1781,199,174.0,42.0
1782,199,175.0,43.0
1783,200,198.0,191.0
1784,200,199.0,191.0
1785,200,200.0,191.0
1786,200,201.0,192.0
1787,200,202.0,192.0
1788,201,171.0,193.0
1789,201,172.0,193.0
1790,201,173.0,194.0
1791,201,174.0,195.0
1792,201,175.0,195.0
1793,201,176.0,196.0
1794,202,35.0,93.0
1795,202,35.0,94.0
1796,202,35.0,95.0
1797,202,35.0,96.0
1798,202,34.0,96.0
1799,202,33.0,97.0
1800,202,33.0,98.0
1801,202,33.0,99.0
1802,202,32.0,100.0
1803,202,32.0,101.0
1804,202,32.0,102.0
1805,202,32.0,103.0
1806,203,59.0,246.0
1807,203,60.0,246.0
1808,204,176.0,66.0
1809,204,176.0,67.0
1810,204,175.0,68.0
1811,204,175.0,69.0
1812,205,15.0,138.0
1813,205,16.0,139.0
1814,205,16.0,140.0
1815,205,16.0,141.0
1816,205,16.0,142.0
1817,206,211.0,74.0
1818,206,211.0,75.0
1819,207,50.0,248.0
1820,207,51.0,248.0
1821,207,52.0,248.0
1822,207,53.0,248.0
1823,207,54.0,248.0
1824,207,55.0,249.0
1825,207,56.0,250.0
1826,208,11.0,149.0
1827,208,12.0,148.0
1828,209,5.0,132.0
1829,209,5.0,133.0
1830,209,6.0,134.0
1831,209,6.0,135.0
1832,209,7.0,135.0
1833,209,8.0,135.0
1834,210,105.0,97.0
1835,210,105.0,98.0
1836,210,106.0,98.0
1837,210,107.0,99.0
1838,210,108.0,99.0
1839,210,109.0,100.0
1840,210,109.0,101.0
1841,211,66.0,215.0
1842,211,65.0,216.0
1843,211,65.0,217.0
1844,212,86.0,102.0
1845,212,86.0,103.0
1846,212,87.0,104.0
1847,212,87.0,104.0
1848,212,87.0,105.0
1849,212,87.0,106.0
1850,213,119.0,224.0
1851,213,120.0,223.0
1852,214,17.0,233.0
1853,214,18.0,233.0
1854,215,105.0,27.0
1855,215,106.0,26.0
1856,215,106.0,26.0
1857,216,20.0,218.0
1858,216,21.0,218.0
1859,216,21.0,219.0
1860,216,22.0,220.0
1861,216,22.0,221.0
1862,216,23.0,222.0
1863,216,23.0,223.0
1864,216,23.0,224.0
1865,216,24.0,225.0
1866,216,24.0,226.0
1867,216,25.0,227.0
1868,216,26.0,228.0
1869,216,27.0,228.0
1870,216,28.0,229.0
1871,217,122.0,78.0
1872,217,122.0,79.0
1873,218,77.0,178.0
1874,218,79.0,177.0
1875,218,80.0,177.0
1876,218,81.0,177.0
1877,219,176.0,33.0
1878,219,177.0,34.0
1879,219,178.0,35.0
1880,219,179.0,36.0
1881,220,19.0,71.0
1882,220,20.0,70.0
1883,220,21.0,69.0
1884,220,21.0,68.0
1885,220,21.0,67.0
1886,220,20.0,66.0
1887,220,20.0,65.0
1888,220,21.0,64.0
1889,221,59.0,210.0
1890,221,60.0,209.0
1891,221,61.0,208.0
1892,221,62.0,208.0
1893,221,63.0,208.0
1894,221,64.0,207.0
1895,222,71.0,64.0
1896,222,72.0,63.0
1897,222,73.0,62.0
1898,222,73.0,62.0
1899,222,74.0,61.0
1900,222,75.0,60.0
1901,222,76.0,59.0
1902,222,76.0,58.0
1903,222,76.0,57.0
1904,222,76.0,56.0
1905,222,76.0,55.0
1906,222,77.0,54.0
1907,222,77.0,53.0
1908,223,56.0,151.0
1909,223,57.0,152.0
1910,224,64.0,203.0
1911,224,64.0,204.0
1912,225,161.0,218.0
1913,225,162.0,219.0
1914,225,163.0,219.0
1915,225,164.0,219.0
1916,225,165.0,220.0
1917,225,165.0,221.0
1918,225,166.0,222.0
1919,225,166.0,223.0
1920,225,166.0,224.0
1921,225,166.0,225.0
1922,225,166.0,226.0
1923,225,166.0,227.0
1924,225,166.0,228.0
1925,225,166.0,229.0
1926,225,166.0,230.0
1927,225,166.0,231.0
1928,225,166.0,232.0
1929,226,171.0,201.0
1930,226,171.0,202.0
1931,226,172.0,203.0
1932,226,173.0,203.0
1933,226,174.0,203.0
1934,227,33.0,16.0
1935,227,34.0,16.0
1936,227,34.0,15.0
1937,227,34.0,14.0
1938,228,228.0,15.0
1939,228,227.0,16.0
1940,228,227.0,17.0
1941,228,226.0,18.0
1942,228,226.0,19.0
1943,228,226.0,20.0
1944,228,225.0,21.0
1945,228,225.0,22.0
1946,228,225.0,23.0
1947,229,75.0,235.0
1948,229,76.0,236.0
1949,229,77.0,236.0
1950,229,77.0,237.0
1951,229,78.0,237.0
1952,229,78.0,238.0
1953,229,78.0,239.0
1954,229,78.0,240.0
1955,230,38.0,69.0
1956,230,38.0,70.0
1957,230,39.0,70.0
1958,230,40.0,71.0
1959,231,27.0,233.0
1960,231,28.0,232.0
1961,231,29.0,232.0
1962,232,255.0,60.0
1963,232,254.0,60.0
1964,232,253.0,61.0
1965,232,252.0,61.0
1966,232,251.0,61.0
1967,232,250.0,61.0
1968,232,249.0,62.0
1969,232,248.0,63.0
1970,232,247.0,63.0
1971,232,246.0,63.0
1972,232,245.0,64.0
1973,232,245.0,65.0
1974,232,244.0,66.0
1975,232,243.0,67.0
1976,232,242.0,68.0
1977,232,241.0,68.0
1978,232,240.0,69.0
1979,232,240.0,70.0
1980,232,239.0,71.0
1981,232,239.0,72.0
1982,232,238.0,73.0
1983,232,238.0,74.0
1984,232,239.0,75.0
1985,232,239.0,76.0
1986,233,0.0,84.0
1987,233,0.0,85.0
1988,233,0.0,86.0
1989,234,16.0,131.0
1990,234,17.0,132.0
1991,234,18.0,133.0
1992,235,205.0,24.0
1993,235,206.0,24.0
1994,235,207.0,25.0
1995,235,207.0,25.0
1996,235,208.0,26.0
1997,235,209.0,27.0
1998,236,35.0,148.0
1999,236,36.0,147.0
2000,236,36.0,146.0
2001,236,37.0,146.0
2002,236,38.0,146.0
2003,237,210.0,65.0
2004,237,211.0,65.0
2005,237,212.0,63.0
2006,238,102.0,241.0
2007,238,102.0,241.0
2008,238,103.0,242.0
2009,239,31.0,119.0
2010,239,32.0,119.0
2011,240,163.0,23.0
2012,240,163.0,24.0
2013,240,165.0,25.0
2014,241,81.0,60.0
2015,241,82.0,60.0
2016,241,83.0,61.0
2017,242,201.0,115.0
2018,242,202.0,115.0
2019,242,203.0,115.0
2020,243,74.0,201.0
2021,243,75.0,201.0
2022,243,76.0,201.0
2023,244,8.0,61.0
2024,244,9.0,61.0
2025,244,10.0,60.0
2026,245,201.0,59.0
2027,245,201.0,60.0
2028,245,202.0,61.0
2029,246,111.0,199.0
2030,246,112.0,199.0
2031,246,112.0,200.0
2032,247,119.0,248.0
2033,247,120.0,248.0
2034,247,121.0,248.0
2035,247,122.0,248.0
2036,247,123.0,248.0
2037,247,124.0,249.0
2038,247,125.0,249.0
2039,248,202.0,42.0
2040,248,202.0,42.0
2041,248,203.0,42.0
2042,248,204.0,43.0
2043,249,113.0,200.0
2044,249,114.0,199.0
2045,249,114.0,198.0
2046,250,90.0,143.0
2047,250,91.0,144.0
2048,251,127.0,132.0
2049,251,127.0,133.0
2050,251,127.0,134.0
2051,251,127.0,134.0
2052,251,126.0,135.0
2053,251,125.0,136.0
2054,251,125.0,137.0
2055,251,124.0,138.0
2056,251,123.0,139.0
2057,251,123.0,140.0
2058,251,123.0,141.0
2059,251,123.0,142.0
2060,251,123.0,143.0
2061,251,124.0,144.0
2062,252,43.0,5.0
2063,252,42.0,6.0
2064,252,42.0,7.0
2065,252,41.0,8.0
2066,252,40.0,9.0
2067,252,40.0,10.0
2068,253,217.0,29.0
2069,253,217.0,30.0
2070,253,218.0,31.0
2071,253,218.0,32.0
2072,253,219.0,33.0
2073,254,49.0,73.0
2074,254,50.0,72.0
2075,254,50.0,71.0
2076,254,51.0,70.0
2077,254,52.0,69.0
2078,255,85.0,61.0
2079,255,86.0,62.0
2080,256,197.0,38.0
2081,256,198.0,39.0
2082,256,199.0,39.0
2083,257,218.0,45.0
2084,257,219.0,45.0
2085,257,220.0,45.0
2086,257,220.0,44.0
2087,257,221.0,43.0
2088,257,221.0,42.0
2089,257,221.0,41.0
2090,257,221.0,40.0
2091,258,140.0,60.0
2092,258,141.0,60.0
2093,258,142.0,60.0
2094,258,143.0,60.0
2095,258,144.0,60.0
2096,259,32.0,37.0
2097,259,33.0,36.0
2098,259,33.0,35.0
2099,259,33.0,34.0
2100,259,33.0,33.0
2101,260,156.0,133.0
2102,260,155.0,133.0
2103,260,154.0,133.0
2104,260,153.0,134.0
2105,260,153.0,135.0
2106,260,153.0,136.0
2107,260,153.0,137.0
2108,260,152.0,138.0
2109,260,152.0,139.0
2110,261,177.0,153.0
2111,261,178.0,152.0
2112,261,178.0,151.0
2113,261,178.0,150.0
2114,261,178.0,149.0
2115,261,179.0,148.0
2116,261,179.0,147.0
2117,261,180.0,146.0
2118,261,180.0,145.0
2119,261,180.0,144.0
2120,261,180.0,143.0
2121,261,181.0,142.0
2122,261,181.0,142.0
2123,261,181.0,141.0
2124,261,181.0,140.0
2125,261,181.0,139.0
2126,261,180.0,138.0
2127,261,179.0,137.0
2128,262,206.0,93.0
2129,262,207.0,93.0
2130,262,208.0,94.0
2131,262,209.0,93.0
2132,262,210.0,93.0
2133,263,182.0,50.0
2134,263,182.0,51.0
2135,263,183.0,52.0
2136,264,99.0,215.0
2137,264,100.0,215.0
2138,264,101.0,214.0
2139,264,102.0,213.0
2140,264,103.0,213.0
2141,264,103.0,211.0
2142,264,102.0,211.0
2143,265,245.0,16.0
2144,265,246.0,17.0
2145,265,247.0,17.0
2146,265,248.0,17.0
2147,265,249.0,18.0
2148,265,250.0,18.0
2149,265,251.0,19.0
2150,265,252.0,18.0
2151,265,253.0,17.0
2152,265,253.0,16.0
2153,265,254.0,15.0
2154,265,255.0,14.0
2155,265,255.0,13.0
2156,266,255.0,5.0
2157,266,255.0,6.0
2158,266,255.0,7.0
2159,266,255.0,8.0
2160,267,220.0,138.0
2161,267,221.0,137.0
2162,267,221.0,137.0
2163,267,222.0,136.0
2164,267,223.0,135.0
2165,267,223.0,135.0
2166,267,224.0,134.0
2167,267,224.0,133.0
2168,267,224.0,132.0
2169,267,224.0,131.0
2170,267,225.0,130.0
2171,268,111.0,223.0
2172,268,112.0,222.0
2173,268,113.0,222.0
2174,268,114.0,222.0
2175,269,21.0,214.0
2176,269,22.0,214.0
2177,270,182.0,88.0
2178,270,183.0,89.0
2179,271,221.0,167.0
2180,271,222.0,167.0
2181,271,222.0,167.0
2182,271,223.0,166.0
2183,271,224.0,165.0
2184,271,224.0,164.0
2185,271,224.0,163.0
2186,271,225.0,162.0
2187,271,225.0,161.0
2188,271,225.0,160.0
2189,271,225.0,159.0
2190,271,226.0,158.0
2191,271,225.0,157.0
2192,271,225.0,156.0
2193,271,225.0,155.0
2194,271,225.0,154.0
2195,271,225.0,153.0
2196,271,224.0,152.0
2197,271,224.0,151.0
2198,271,224.0,150.0
2199,272,203.0,101.0
2200,272,204.0,102.0
2201,272,204.0,102.0
2202,272,205.0,103.0
2203,273,244.0,24.0
2204,273,244.0,25.0
2205,273,244.0,26.0
2206,273,243.0,27.0
2207,273,243.0,28.0
2208,273,243.0,29.0
2209,274,107.0,23.0
2210,274,107.0,24.0
2211,274,107.0,25.0
2212,274,107.0,26.0
2213,275,160.0,42.0
2214,275,161.0,42.0
2215,276,204.0,114.0
2216,276,205.0,114.0
2217,276,206.0,114.0
2218,276,207.0,114.0
2219,276,208.0,114.0
2220,276,209.0,113.0
2221,276,209.0,112.0
2222,276,209.0,111.0
2223,276,210.0,110.0
2224,277,107.0,247.0
2225,277,107.0,248.0
2226,278,157.0,229.0
2227,278,158.0,230.0
2228,279,110.0,53.0
2229,279,111.0,53.0
2230,279,112.0,53.0
2231,279,113.0,54.0
2232,279,114.0,54.0
2233,279,115.0,54.0
2234,279,116.0,54.0
2235,279,117.0,53.0
2236,279,118.0,52.0
2237,279,119.0,51.0
2238,279,120.0,50.0
2239,279,121.0,49.0
2240,279,122.0,49.0
2241,279,123.0,48.0
2242,279,124.0,47.0
2243,279,124.0,47.0
2244,279,125.0,46.0
2245,279,125.0,46.0
2246,279,125.0,45.0
2247,279,126.0,44.0
2248,279,126.0,43.0
2249,279,127.0,42.0
2250,279,128.0,42.0
2251,280,150.0,177.0
2252,280,151.0,177.0
2253,281,149.0,49.0
2254,281,150.0,49.0
2255,281,151.0,48.0
2256,282,190.0,16.0
2257,282,191.0,15.0
2258,283,210.0,65.0
2259,283,211.0,65.0
2260,283,212.0,65.0
2261,283,213.0,66.0
2262,283,214.0,66.0
2263,284,58.0,186.0
2264,284,59.0,185.0
2265,285,243.0,29.0
2266,285,243.0,30.0
2267,285,244.0,31.0
2268,286,109.0,26.0
2269,286,110.0,25.0
2270,286,111.0,24.0
2271,286,112.0,23.0
2272,286,113.0,22.0
2273,286,114.0,22.0
2274,286,115.0,22.0
2275,286,116.0,21.0
2276,286,117.0,20.0
2277,286,117.0,20.0
2278,286,118.0,19.0
2279,286,119.0,19.0
2280,286,120.0,19.0
2281,287,13.0,168.0
2282,287,13.0,169.0
2283,287,13.0,170.0
2284,288,17.0,233.0
2285,288,18.0,232.0
2286,288,19.0,232.0
2287,288,20.0,232.0
2288,289,88.0,56.0
2289,289,89.0,57.0
2290,290,226.0,64.0
2291,290,227.0,64.0
2292,290,228.0,65.0
2293,290,229.0,66.0
2294,290,230.0,67.0
2295,290,230.0,67.0
2296,290,231.0,67.0
2297,290,232.0,68.0
2298,291,79.0,97.0
2299,291,79.0,98.0
2300,292,0.0,132.0
2301,292,1.0,132.0
2302,292,2.0,132.0
2303,292,3.0,132.0
2304,292,4.0,131.0
2305,293,17.0,63.0
2306,293,18.0,63.0
2307,294,204.0,173.0
2308,294,205.0,172.0
2309,295,255.0,72.0
2310,295,254.0,72.0
2311,295,253.0,72.0
2312,295,252.0,72.0
2313,295,251.0,73.0
2314,295,250.0,74.0
2315,295,249.0,75.0
2316,295,249.0,76.0
2317,295,248.0,77.0
2318,295,248.0,78.0
2319,295,248.0,79.0
2320,295,249.0,81.0
2321,296,230.0,24.0
2322,296,231.0,24.0
2323,296,232.0,24.0
2324,296,233.0,25.0
2325,296,234.0,25.0
2326,297,227.0,231.0
2327,297,228.0,230.0
2328,297,229.0,229.0
2329,297,230.0,228.0
2330,297,230.0,228.0
2331,297,231.0,227.0
2332,298,48.0,241.0
2333,298,49.0,242.0
2334,298,49.0,242.0
2335,298,48.0,243.0
2336,299,93.0,227.0
2337,299,94.0,227.0
2338,299,95.0,227.0
2339,299,96.0,228.0
2340,300,176.0,156.0
2341,300,176.0,157.0
2342,300,176.0,158.0
2343,300,175.0,159.0
2344,300,175.0,160.0
2345,301,5.0,132.0
2346,301,6.0,131.0
2347,301,7.0,131.0
2348,302,196.0,101.0
2349,302,197.0,101.0
2350,302,198.0,101.0
2351,302,199.0,100.0
2352,302,200.0,100.0
2353,302,201.0,100.0
2354,302,202.0,100.0
2355,302,203.0,99.0
2356,303,199.0,173.0
2357,303,200.0,173.0
2358,303,201.0,173.0
2359,303,202.0,174.0
2360,304,83.0,68.0
2361,304,84.0,68.0
2362,304,85.0,68.0
2363,304,86.0,67.0
2364,304,86.0,67.0
2365,304,87.0,66.0
2366,304,88.0,65.0
2367,304,89.0,64.0
2368,304,90.0,64.0
2369,305,20.0,64.0
2370,305,21.0,63.0
2371,305,22.0,63.0
2372,306,84.0,248.0
2373,306,85.0,247.0
2374,306,86.0,246.0
2375,306,86.0,245.0
2376,306,85.0,244.0
2377,306,84.0,243.0
2378,306,85.0,242.0
2379,306,86.0,241.0
2380,307,184.0,228.0
2381,307,184.0,229.0
2382,307,184.0,230.0
2383,307,184.0,231.0
2384,307,184.0,232.0
2385,307,184.0,233.0
2386,307,184.0,234.0
2387,307,184.0,235.0
2388,307,184.0,236.0
2389,307,184.0,237.0
2390,308,151.0,48.0
2391,308,151.0,47.0
2392,308,151.0,46.0
2393,308,150.0,45.0
2394,308,151.0,44.0
2395,308,151.0,43.0
2396,308,151.0,43.0
2397,308,152.0,42.0
2398,309,69.0,236.0
2399,309,70.0,236.0
2400,309,71.0,236.0
2401,310,195.0,92.0
2402,310,196.0,92.0
2403,311,70.0,225.0
2404,311,71.0,226.0
2405,311,71.0,226.0
2406,311,72.0,227.0
2407,312,28.0,56.0
2408,312,29.0,56.0
2409,312,30.0,55.0
2410,313,241.0,28.0
2411,313,242.0,29.0
2412,313,243.0,29.0
2413,314,99.0,88.0
2414,314,100.0,89.0
2415,314,100.0,90.0
2416,314,101.0,91.0
2417,314,101.0,92.0
2418,314,101.0,93.0
2419,314,101.0,94.0
2420,314,101.0,95.0
2421,315,119.0,9.0
2422,315,120.0,8.0
2423,315,121.0,8.0
2424,315,122.0,8.0
2425,315,123.0,7.0
2426,316,182.0,50.0
2427,316,183.0,50.0
2428,317,78.0,161.0
2429,317,79.0,160.0
2430,317,79.0,160.0
2431,318,34.0,34.0
2432,318,35.0,35.0
2433,319,160.0,177.0
2434,319,162.0,176.0
2435,320,134.0,194.0
2436,320,134.0,194.0
2437,321,169.0,34.0
2438,321,170.0,33.0
2439,322,17.0,233.0
2440,322,18.0,234.0
2441,323,79.0,97.0
2442,323,80.0,96.0
2443,323,81.0,96.0
2444,324,71.0,236.0
2445,324,72.0,235.0
2446,324,73.0,235.0
2447,324,74.0,235.0
2448,324,75.0,235.0
2449,325,25.0,193.0
2450,325,25.0,195.0
2451,325,26.0,195.0
2452,325,27.0,195.0
2453,326,153.0,69.0
2454,326,154.0,69.0
2455,327,121.0,107.0
2456,327,122.0,108.0
2457,328,137.0,95.0
2458,328,138.0,96.0
2459,329,102.0,108.0
2460,329,103.0,108.0
2461,329,104.0,108.0
2462,329,105.0,107.0
2463,329,106.0,107.0
2464,329,107.0,106.0
2465,330,255.0,214.0
2466,330,255.0,215.0
2467,330,255.0,216.0
2468,330,255.0,217.0
2469,330,255.0,218.0
2470,330,255.0,219.0
2471,330,255.0,220.0
2472,330,255.0,221.0
2473,330,255.0,222.0
2474,330,255.0,223.0
2475,330,255.0,224.0
2476,331,147.0,139.0
2477,331,148.0,140.0
2478,331,149.0,140.0
2479,332,195.0,141.0
2480,332,196.0,140.0
2481,333,54.0,93.0
2482,333,55.0,93.0
2483,333,56.0,93.0
2484,333,57.0,93.0
2485,333,58.0,93.0
2486,333,59.0,94.0
2487,333,60.0,95.0
2488,334,194.0,7.0
2489,334,195.0,7.0
2490,335,197.0,135.0
2491,335,198.0,136.0
2492,336,126.0,234.0
2493,336,127.0,233.0
2494,337,194.0,57.0
2495,337,195.0,57.0
2496,337,196.0,58.0
2497,337,197.0,59.0
2498,338,15.0,190.0
2499,338,16.0,191.0
2500,338,16.0,192.0
2501,338,16.0,193.0
2502,338,17.0,194.0
2503,338,17.0,195.0
2504,339,101.0,182.0
2505,339,102.0,182.0
2506,339,103.0,181.0
2507,339,104.0,180.0
2508,340,144.0,128.0
2509,340,145.0,128.0
2510,340,146.0,129.0
2511,340,147.0,129.0
2512,340,148.0,130.0
2513,341,41.0,233.0
2514,341,43.0,232.0
2515,341,44.0,232.0
2516,341,45.0,231.0
2517,342,107.0,202.0
2518,342,108.0,202.0
2519,343,139.0,180.0
2520,343,140.0,180.0
2521,344,131.0,243.0
2522,344,132.0,243.0
2523,344,133.0,242.0
2524,344,134.0,242.0
2525,345,16.0,142.0
2526,345,17.0,142.0
2527,345,18.0,142.0
2528,346,210.0,232.0
2529,346,211.0,231.0
2530,347,151.0,48.0
2531,347,152.0,49.0
2532,347,152.0,50.0
2533,348,2.0,76.0
2534,348,3.0,76.0
2535,349,175.0,102.0
2536,349,176.0,102.0
2537,349,177.0,101.0
2538,349,177.0,101.0
2539,349,178.0,100.0
2540,350,88.0,42.0
2541,350,89.0,41.0
2542,351,56.0,133.0
2543,351,57.0,133.0
2544,351,58.0,134.0
2545,351,59.0,135.0
2546,351,59.0,135.0
2547,351,60.0,136.0
2548,352,175.0,153.0
2549,352,176.0,153.0
2550,352,177.0,153.0
2551,353,154.0,64.0
2552,353,155.0,64.0
2553,353,156.0,64.0
2554,353,157.0,64.0
2555,353,158.0,64.0
2556,353,159.0,64.0
2557,354,152.0,80.0
2558,354,153.0,79.0
2559,354,153.0,78.0
2560,355,115.0,60.0
2561,355,116.0,61.0
2562,355,117.0,60.0
2563,356,152.0,80.0
2564,356,153.0,81.0
2565,356,154.0,82.0
2566,356,154.0,82.0
2567,356,155.0,83.0
2568,357,120.0,156.0
2569,357,121.0,156.0
2570,357,122.0,156.0
2571,357,123.0,156.0
2572,358,49.0,80.0
2573,358,48.0,81.0
2574,358,48.0,82.0
2575,359,199.0,172.0
2576,359,200.0,172.0
2577,359,201.0,173.0
2578,359,202.0,174.0
2579,360,15.0,231.0
2580,360,16.0,232.0
2581,361,18.0,213.0
2582,361,19.0,213.0
2583,362,137.0,5.0
2584,362,138.0,5.0
2585,362,139.0,6.0
2586,363,73.0,141.0
2587,363,74.0,142.0
2588,364,10.0,73.0
2589,364,9.0,73.0
2590,364,8.0,73.0
2591,364,7.0,73.0
2592,364,6.0,74.0
2593,364,5.0,74.0
2594,364,4.0,75.0
2595,364,4.0,76.0
2596,365,62.0,73.0
2597,365,63.0,73.0
2598,366,126.0,239.0
2599,366,126.0,240.0
2600,367,13.0,169.0
2601,367,14.0,168.0
2602,368,132.0,111.0
2603,368,133.0,111.0
2604,369,12.0,189.0
2605,369,13.0,190.0
2606,369,14.0,190.0
2607,370,185.0,208.0
2608,370,185.0,208.0
2609,370,186.0,209.0
2610,371,79.0,48.0
2611,371,80.0,48.0
2612,371,81.0,47.0
2613,372,56.0,240.0
2614,372,55.0,241.0
2615,372,54.0,241.0
2616,372,54.0,242.0
2617,373,232.0,95.0
2618,373,233.0,95.0
2619,373,234.0,96.0
2620,373,235.0,96.0
2621,373,237.0,95.0
2622,374,22.0,126.0
2623,374,24.0,126.0
2624,375,233.0,105.0
2625,375,233.0,106.0
2626,375,233.0,107.0
2627,376,34.0,79.0
2628,376,33.0,80.0
2629,376,32.0,81.0
2630,376,32.0,81.0
2631,376,31.0,82.0
2632,376,30.0,83.0
2633,376,30.0,84.0
2634,376,30.0,85.0
2635,376,30.0,86.0
2636,376,29.0,87.0
2637,376,29.0,88.0
2638,376,29.0,89.0
2639,376,28.0,90.0
2640,376,28.0,91.0
2641,376,28.0,92.0
2642,376,28.0,93.0
2643,377,156.0,52.0
2644,377,157.0,51.0
2645,377,158.0,51.0
2646,377,159.0,50.0
2647,377,159.0,50.0
2648,377,160.0,49.0
2649,378,40.0,178.0
2650,378,41.0,178.0
2651,378,41.0,179.0
2652,378,42.0,180.0
2653,379,200.0,147.0
2654,379,200.0,148.0
2655,379,201.0,149.0
2656,379,202.0,150.0
2657,379,203.0,151.0
2658,379,203.0,152.0
2659,379,204.0,153.0
2660,379,205.0,154.0
2661,379,205.0,154.0
2662,379,206.0,155.0
2663,380,75.0,147.0
2664,380,76.0,148.0
2665,380,77.0,148.0
2666,381,185.0,75.0
2667,381,186.0,75.0
2668,381,187.0,75.0
2669,381,188.0,75.0
2670,381,189.0,74.0
2671,381,190.0,73.0
2672,382,176.0,26.0
2673,382,177.0,27.0
2674,382,179.0,27.0
2675,383,198.0,114.0
2676,383,199.0,114.0
2677,383,200.0,115.0
2678,383,201.0,115.0
2679,384,178.0,42.0
2680,384,179.0,42.0
2681,385,228.0,112.0
2682,385,229.0,113.0
2683,385,229.0,114.0
2684,385,230.0,115.0
2685,385,230.0,116.0
2686,385,230.0,117.0
2687,385,230.0,118.0
2688,385,229.0,119.0
2689,385,228.0,119.0
2690,385,227.0,119.0
2691,385,226.0,119.0
2692,385,225.0,119.0
2693,385,224.0,120.0
2694,385,224.0,121.0
2695,385,223.0,122.0
2696,385,223.0,123.0
2697,386,185.0,108.0
2698,386,186.0,108.0
2699,386,187.0,108.0
2700,386,188.0,108.0
2701,387,151.0,217.0
2702,387,152.0,217.0
2703,388,49.0,166.0
2704,388,50.0,166.0
2705,389,254.0,8.0
2706,389,255.0,9.0
2707,389,255.0,10.0
2708,389,255.0,11.0
2709,389,255.0,12.0
2710,389,255.0,13.0
2711,390,74.0,142.0
2712,390,75.0,142.0
2713,390,76.0,143.0
2714,390,77.0,144.0
2715,391,85.0,61.0
2716,391,84.0,62.0
2717,391,84.0,63.0
2718,392,183.0,50.0
2719,392,184.0,49.0
2720,392,185.0,48.0
2721,392,186.0,47.0
2722,392,186.0,46.0
2723,392,186.0,45.0
2724,393,95.0,87.0
2725,393,96.0,88.0
2726,393,96.0,88.0
2727,393,97.0,89.0
2728,394,52.0,69.0
2729,394,51.0,70.0
2730,394,50.0,71.0
2731,394,50.0,71.0
2732,394,49.0,72.0
2733,394,49.0,73.0
2734,395,100.0,33.0
2735,395,101.0,32.0
2736,395,101.0,32.0
2737,395,102.0,31.0
2738,395,103.0,30.0
2739,396,156.0,42.0
2740,396,157.0,41.0
2741,397,64.0,109.0
2742,397,64.0,110.0
2743,397,64.0,111.0
2744,398,70.0,212.0
2745,398,70.0,213.0
2746,398,71.0,213.0
2747,398,72.0,213.0
2748,398,73.0,213.0
2749,398,74.0,212.0
2750,399,0.0,142.0
2751,399,0.0,143.0
2752,399,0.0,144.0
2753,399,0.0,145.0
2754,399,0.0,146.0
2755,399,0.0,147.0
2756,400,109.0,26.0
2757,400,109.0,27.0
2758,400,109.0,28.0
2759,400,109.0,29.0
2760,401,193.0,61.0
2761,401,193.0,62.0
2762,402,167.0,64.0
2763,402,168.0,64.0
2764,402,169.0,64.0
2765,402,170.0,64.0
2766,402,171.0,64.0
2767,402,172.0,64.0
2768,402,173.0,65.0
2769,402,174.0,65.0
2770,402,175.0,65.0
2771,402,175.0,65.0
2772,402,176.0,66.0
2773,403,170.0,5.0
2774,403,170.0,6.0
2775,403,170.0,7.0
2776,404,120.0,77.0
2777,404,122.0,78.0
2778,405,40.0,16.0
2779,405,39.0,17.0
2780,405,39.0,18.0
2781,406,114.0,58.0
2782,406,114.0,59.0
2783,406,115.0,60.0
2784,407,8.0,80.0
2785,407,8.0,81.0
2786,408,35.0,143.0
2787,408,34.0,144.0
2788,408,34.0,145.0
2789,408,34.0,146.0
2790,408,35.0,148.0
2791,409,113.0,112.0
2792,409,114.0,112.0
2793,409,115.0,113.0
2794,409,116.0,114.0
2795,409,117.0,115.0
2796,409,119.0,115.0
2797,410,254.0,35.0
2798,410,253.0,36.0
2799,410,252.0,37.0
2800,410,252.0,38.0
2801,410,251.0,39.0
2802,410,251.0,40.0
2803,410,250.0,41.0
2804,410,250.0,42.0
2805,410,249.0,43.0
2806,410,249.0,44.0
2807,410,249.0,45.0
2808,410,248.0,46.0
2809,410,247.0,47.0
2810,410,246.0,48.0
2811,410,246.0,49.0
2812,410,246.0,50.0
2813,410,245.0,51.0
2814,410,244.0,52.0
2815,410,244.0,53.0
2816,410,243.0,54.0
2817,410,242.0,55.0
2818,410,242.0,56.0
2819,410,241.0,57.0
2820,410,241.0,58.0
2821,410,241.0,58.0
2822,410,240.0,59.0
2823,410,239.0,60.0
2824,410,238.0,61.0
2825,410,237.0,62.0
2826,410,236.0,63.0
2827,410,235.0,64.0
2828,410,235.0,65.0
2829,410,235.0,66.0
2830,410,234.0,67.0
2831,410,233.0,67.0
2832,410,232.0,67.0
2833,410,232.0,68.0
2834,411,55.0,224.0
2835,411,56.0,224.0
2836,411,57.0,225.0
2837,412,63.0,73.0
2838,412,64.0,73.0
2839,412,65.0,72.0
2840,413,49.0,79.0
2841,413,49.0,80.0
2842,414,60.0,241.0
2843,414,60.0,242.0
2844,415,174.0,42.0
2845,415,174.0,43.0
2846,416,16.0,142.0
2847,416,15.0,143.0
2848,416,14.0,144.0
2849,416,14.0,145.0
2850,416,13.0,146.0
2851,416,13.0,147.0
2852,416,13.0,148.0
2853,416,13.0,149.0
2854,416,13.0,150.0
2855,416,13.0,151.0
2856,417,107.0,26.0
2857,417,108.0,26.0
2858,417,109.0,26.0
2859,418,16.0,232.0
2860,418,17.0,233.0
2861,419,170.0,33.0
2862,419,171.0,33.0
2863,419,172.0,33.0
2864,419,173.0,33.0
2865,419,174.0,33.0
2866,419,175.0,33.0
2867,419,176.0,33.0
2868,420,79.0,95.0
2869,420,79.0,96.0
2870,420,79.0,97.0
2871,421,3.0,76.0
2872,421,3.0,77.0
2873,422,136.0,6.0
2874,422,137.0,5.0
2875,423,245.0,16.0
2876,423,246.0,15.0
2877,423,246.0,15.0
2878,423,247.0,14.0
2879,423,248.0,13.0
2880,423,248.0,12.0
2881,423,248.0,11.0
2882,423,249.0,10.0
2883,423,250.0,10.0
2884,423,251.0,9.0
2885,423,252.0,9.0
2886,423,253.0,9.0
2887,423,254.0,8.0
2888,424,84.0,61.0
2889,424,85.0,61.0
2890,425,121.0,77.0
2891,425,122.0,78.0
2892,426,158.0,211.0
2893,426,158.0,211.0
2894,427,62.0,202.0
2895,427,64.0,203.0
2896,428,73.0,114.0
2897,428,74.0,113.0
2898,428,75.0,112.0
2899,428,76.0,111.0
2900,428,77.0,110.0
2901,428,77.0,109.0
2902,428,78.0,108.0
2903,428,78.0,107.0
2904,428,79.0,106.0
2905,428,79.0,105.0
2906,428,80.0,104.0
2907,428,81.0,103.0
2908,428,82.0,103.0
2909,428,83.0,103.0
2910,428,84.0,102.0
2911,428,85.0,102.0
2912,428,86.0,102.0
2913,429,122.0,108.0
2914,429,123.0,108.0
2915,429,124.0,107.0
2916,429,125.0,106.0
2917,429,125.0,106.0
2918,429,126.0,105.0
2919,429,127.0,104.0
2920,429,128.0,104.0
2921,430,3.0,77.0
2922,430,4.0,76.0
2923,431,171.0,229.0
2924,431,172.0,229.0
2925,431,173.0,228.0
2926,431,174.0,227.0
2927,431,174.0,226.0
2928,432,33.0,33.0
2929,432,34.0,34.0
2930,433,111.0,223.0
2931,433,112.0,224.0
2932,433,112.0,225.0
2933,433,113.0,226.0
2934,433,113.0,227.0
2935,433,114.0,228.0
2936,433,115.0,229.0
2937,433,116.0,230.0
2938,433,117.0,231.0
2939,433,118.0,232.0
2940,433,119.0,233.0
2941,433,119.0,234.0
2942,433,120.0,235.0
2943,433,120.0,236.0
2944,433,120.0,237.0
2945,433,120.0,238.0
2946,433,120.0,239.0
2947,433,120.0,240.0
2948,433,121.0,241.0
2949,433,121.0,242.0
2950,433,122.0,243.0
2951,433,123.0,244.0
2952,433,124.0,245.0
2953,433,124.0,246.0
2954,433,124.0,247.0
2955,433,125.0,248.0
2956,433,125.0,249.0
2957,434,34.0,79.0
2958,434,35.0,79.0
2959,435,136.0,6.0
2960,435,136.0,7.0
2961,435,135.0,8.0
2962,435,135.0,9.0
2963,435,135.0,10.0
2964,435,134.0,11.0
2965,435,134.0,11.0
2966,435,134.0,12.0
2967,435,134.0,13.0
2968,435,133.0,14.0
2969,435,133.0,15.0
2970,435,132.0,16.0
2971,435,132.0,17.0
2972,435,132.0,18.0
2973,436,209.0,53.0
2974,436,209.0,54.0
2975,436,209.0,55.0
2976,437,86.0,30.0
2977,437,85.0,31.0
2978,437,85.0,31.0
2979,437,84.0,32.0
2980,437,83.0,33.0
2981,437,83.0,34.0
2982,437,83.0,35.0
2983,437,82.0,36.0
2984,437,82.0,37.0
2985,437,81.0,38.0
2986,437,81.0,39.0
2987,437,81.0,40.0
2988,437,81.0,41.0
2989,437,81.0,42.0
2990,437,81.0,43.0
2991,437,81.0,44.0
2992,437,81.0,45.0
2993,437,81.0,46.0
2994,437,81.0,47.0
2995,438,0.0,82.0
2996,438,1.0,81.0
2997,438,2.0,80.0
2998,438,3.0,79.0
2999,438,3.0,78.0
3000,438,3.0,77.0
3001,439,209.0,171.0
3002,439,210.0,170.0
3003,439,211.0,169.0
3004,439,212.0,168.0
3005,439,213.0,167.0
3006,439,213.0,167.0
3007,439,214.0,166.0
3008,439,214.0,165.0
3009,439,215.0,164.0
3010,439,215.0,163.0
3011,439,215.0,162.0
3012,439,216.0,161.0
3013,439,216.0,160.0
3014,439,217.0,159.0
3015,439,217.0,158.0
3016,439,217.0,157.0
3017,439,217.0,156.0
3018,439,217.0,155.0
3019,439,217.0,154.0
3020,439,217.0,153.0
3021,439,217.0,152.0
3022,439,217.0,151.0
3023,439,218.0,150.0
3024,439,218.0,149.0
3025,439,218.0,148.0
3026,439,218.0,147.0
3027,439,218.0,146.0
3028,439,219.0,145.0
3029,439,219.0,144.0
3030,439,219.0,143.0
3031,439,219.0,142.0
3032,439,220.0,141.0
3033,439,220.0,140.0
3034,439,220.0,139.0
3035,439,220.0,138.0
3036,440,35.0,79.0
3037,440,35.0,79.0
3038,440,36.0,78.0
3039,440,37.0,77.0
3040,440,38.0,76.0
3041,440,39.0,75.0
3042,440,39.0,75.0
3043,440,39.0,74.0
3044,440,40.0,73.0
3045,440,40.0,72.0
3046,440,40.0,71.0
3047,441,97.0,109.0
3048,441,97.0,110.0
3049,441,96.0,111.0
3050,441,96.0,112.0
3051,441,95.0,113.0
3052,441,94.0,113.0
3053,441,93.0,114.0
3054,441,92.0,114.0
3055,441,91.0,115.0
3056,441,91.0,115.0
3057,441,90.0,116.0
3058,441,89.0,117.0
3059,441,88.0,118.0
3060,441,88.0,118.0
3061,441,88.0,119.0
3062,441,87.0,120.0
3063,441,87.0,121.0
3064,441,86.0,122.0
3065,441,85.0,123.0
3066,441,84.0,124.0
3067,441,83.0,125.0
3068,441,82.0,126.0
3069,441,82.0,126.0
3070,441,81.0,127.0
3071,441,80.0,128.0
3072,441,80.0,129.0
3073,442,16.0,232.0
3074,442,17.0,233.0
3075,442,18.0,233.0
3076,443,178.0,49.0
3077,443,179.0,49.0
3078,443,180.0,49.0
3079,443,181.0,49.0
3080,443,182.0,50.0
3081,444,144.0,53.0
3082,444,145.0,53.0
3083,444,146.0,52.0
3084,444,146.0,52.0
3085,444,147.0,51.0
3086,444,147.0,50.0
3087,444,147.0,49.0
3088,445,205.0,68.0
3089,445,206.0,68.0
3090,445,207.0,68.0
3091,445,208.0,67.0
3092,445,209.0,66.0
3093,445,209.0,66.0
3094,445,209.0,66.0
3095,445,210.0,65.0
3096,446,16.0,64.0
3097,446,17.0,63.0
3098,447,150.0,49.0
3099,447,151.0,48.0
3100,448,196.0,140.0
3101,448,197.0,139.0
3102,448,197.0,139.0
3103,448,198.0,138.0
3104,448,198.0,137.0
3105,448,198.0,136.0
3106,449,145.0,81.0
3107,449,147.0,80.0
3108,449,148.0,80.0
3109,449,149.0,80.0
3110,449,150.0,80.0
3111,449,151.0,80.0
3112,449,152.0,80.0
3113,450,155.0,41.0
3114,450,156.0,41.0
3115,450,157.0,41.0
3116,451,48.0,243.0
3117,451,48.0,244.0
3118,451,49.0,245.0
3119,451,49.0,246.0
3120,451,49.0,247.0
3121,451,50.0,248.0
3122,452,64.0,204.0
3123,452,64.0,205.0
3124,452,64.0,206.0
3125,452,64.0,207.0
3126,453,71.0,231.0
3127,453,72.0,232.0
3128,453,72.0,233.0
3129,453,72.0,234.0
3130,453,71.0,236.0
3131,454,65.0,212.0
3132,454,65.0,213.0
3133,454,66.0,214.0
3134,454,67.0,214.0
3135,454,68.0,214.0
3136,454,69.0,213.0
3137,454,70.0,212.0
3138,455,49.0,79.0
3139,455,49.0,80.0
3140,456,8.0,61.0
3141,456,7.0,62.0
3142,456,6.0,63.0
3143,456,5.0,64.0
3144,456,5.0,65.0
3145,456,4.0,66.0
3146,456,4.0,67.0
3147,456,4.0,68.0
3148,456,4.0,69.0
3149,456,5.0,70.0
3150,456,4.0,71.0
3151,456,4.0,72.0
3152,456,4.0,73.0
3153,456,4.0,74.0
3154,456,4.0,75.0
3155,456,4.0,76.0
3156,457,165.0,25.0
3157,457,164.0,26.0
3158,457,164.0,27.0
3159,457,163.0,28.0
3160,457,163.0,29.0
3161,457,163.0,30.0
3162,457,162.0,31.0
3163,457,162.0,32.0
3164,457,162.0,33.0
3165,457,161.0,34.0
3166,457,161.0,35.0
3167,457,160.0,36.0
3168,457,160.0,37.0
3169,457,159.0,38.0
3170,457,159.0,39.0
3171,457,159.0,40.0
3172,458,174.0,70.0
3173,458,175.0,71.0
3174,458,175.0,72.0
3175,458,176.0,73.0
3176,458,176.0,74.0
3177,458,177.0,75.0
3178,458,177.0,76.0
3179,458,177.0,77.0
3180,458,177.0,78.0
3181,458,177.0,79.0
3182,458,176.0,80.0
3183,458,176.0,81.0
3184,458,176.0,82.0
3185,458,175.0,83.0
3186,458,175.0,83.0
3187,458,174.0,84.0
3188,458,173.0,85.0
3189,458,172.0,86.0
3190,458,171.0,87.0
3191,458,170.0,88.0
3192,458,169.0,89.0
3193,458,168.0,90.0
3194,458,167.0,91.0
3195,458,166.0,92.0
3196,458,165.0,93.0
3197,458,165.0,93.0
3198,458,164.0,94.0
3199,458,163.0,95.0
3200,458,162.0,96.0
3201,458,162.0,96.0
3202,458,161.0,97.0
3203,458,160.0,98.0
3204,458,160.0,98.0
3205,458,159.0,98.0
3206,458,158.0,99.0
3207,458,157.0,99.0
3208,458,156.0,100.0
3209,458,155.0,101.0
3210,458,154.0,102.0
3211,458,153.0,103.0
3212,458,152.0,104.0
3213,458,152.0,105.0
3214,458,151.0,106.0
3215,458,151.0,107.0
3216,458,150.0,108.0
3217,458,150.0,109.0
3218,458,149.0,110.0
3219,458,149.0,111.0
3220,458,149.0,112.0
3221,458,148.0,113.0
3222,458,148.0,114.0
3223,458,148.0,115.0
3224,458,147.0,116.0
3225,458,147.0,116.0
3226,458,147.0,117.0
3227,458,147.0,118.0
3228,458,146.0,119.0
3229,458,146.0,120.0
3230,458,145.0,121.0
3231,458,145.0,122.0
3232,458,145.0,123.0
3233,458,145.0,124.0
3234,458,144.0,125.0
3235,458,144.0,126.0
3236,458,144.0,127.0
3237,458,144.0,128.0
3238,459,60.0,246.0
3239,459,61.0,246.0
3240,459,62.0,245.0
3241,459,62.0,244.0
3242,459,62.0,243.0
3243,459,62.0,242.0
3244,460,122.0,79.0
3245,460,121.0,80.0
3246,460,121.0,80.0
3247,460,120.0,81.0
3248,460,119.0,82.0
3249,460,119.0,83.0
3250,460,118.0,84.0
3251,460,118.0,85.0
3252,460,118.0,86.0
3253,461,31.0,119.0
3254,461,30.0,120.0
3255,461,29.0,120.0
3256,461,28.0,121.0
3257,461,27.0,121.0
3258,461,26.0,122.0
3259,461,25.0,123.0
3260,461,25.0,124.0
3261,461,24.0,125.0
3262,461,24.0,126.0
3263,462,81.0,63.0
3264,462,82.0,62.0
3265,462,83.0,61.0
3266,463,91.0,144.0
3267,463,92.0,143.0
3268,463,93.0,142.0
3269,463,93.0,141.0
3270,463,94.0,140.0
3271,463,94.0,139.0
3272,463,94.0,138.0
3273,463,93.0,137.0
3274,463,92.0,137.0
3275,463,91.0,137.0
3276,463,90.0,137.0
3277,463,89.0,137.0
3278,463,88.0,138.0
3279,463,87.0,138.0
3280,463,87.0,139.0
3281,463,86.0,140.0
3282,463,85.0,141.0
3283,463,84.0,142.0
3284,463,84.0,143.0
3285,463,83.0,144.0
3286,463,82.0,145.0
3287,463,82.0,146.0
3288,463,82.0,147.0
3289,463,81.0,148.0
3290,463,80.0,149.0
3291,463,80.0,150.0
3292,464,104.0,25.0
3293,464,105.0,25.0
3294,464,106.0,25.0
3295,464,107.0,26.0
3296,465,22.0,63.0
3297,465,23.0,62.0
3298,465,23.0,61.0
3299,465,23.0,60.0
3300,465,24.0,59.0
3301,465,25.0,59.0
3302,465,26.0,59.0
3303,465,27.0,58.0
3304,465,27.0,57.0
3305,465,28.0,56.0
3306,466,154.0,64.0
3307,466,154.0,65.0
3308,466,154.0,66.0
3309,466,154.0,67.0
3310,466,154.0,68.0
3311,466,154.0,69.0
3312,467,179.0,39.0
3313,467,179.0,40.0
3314,467,179.0,41.0
3315,467,179.0,42.0
3316,468,173.0,41.0
3317,468,173.0,42.0
3318,468,173.0,43.0
3319,468,173.0,44.0
3320,468,173.0,45.0
3321,468,172.0,46.0
3322,468,172.0,47.0
3323,468,172.0,48.0
3324,468,171.0,49.0
3325,468,171.0,50.0
3326,468,171.0,51.0
3327,468,171.0,52.0
3328,468,170.0,53.0
3329,468,170.0,54.0
3330,468,170.0,55.0
3331,468,169.0,56.0
3332,468,169.0,56.0
3333,468,168.0,57.0
3334,468,167.0,58.0
3335,468,166.0,59.0
3336,468,166.0,60.0
3337,468,166.0,61.0
3338,468,167.0,62.0
3339,468,167.0,63.0
3340,468,167.0,64.0
3341,469,171.0,193.0
3342,469,172.0,192.0
3343,469,172.0,191.0
3344,469,173.0,190.0
3345,469,173.0,189.0
3346,469,174.0,188.0
3347,469,174.0,187.0
3348,469,174.0,186.0
3349,469,174.0,185.0
3350,469,175.0,184.0
3351,469,175.0,183.0
3352,469,175.0,182.0
3353,469,176.0,181.0
3354,469,176.0,180.0
3355,469,176.0,179.0
3356,469,176.0,178.0
3357,469,177.0,177.0
3358,469,177.0,176.0
3359,469,177.0,175.0
3360,469,177.0,174.0
3361,469,177.0,173.0
3362,469,177.0,172.0
3363,469,177.0,171.0
3364,469,177.0,170.0
3365,469,177.0,169.0
3366,469,176.0,168.0
3367,469,176.0,167.0
3368,469,176.0,166.0
3369,469,175.0,165.0
3370,469,174.0,165.0
3371,470,147.0,49.0
3372,470,148.0,49.0
3373,470,149.0,49.0
3374,470,150.0,49.0
3375,471,237.0,95.0
3376,471,237.0,95.0
3377,471,238.0,94.0
3378,471,238.0,93.0
3379,471,239.0,92.0
3380,471,240.0,91.0
3381,471,240.0,90.0
3382,471,241.0,89.0
3383,471,241.0,88.0
3384,471,242.0,87.0
3385,471,243.0,86.0
3386,471,244.0,85.0
3387,471,245.0,84.0
3388,471,246.0,83.0
3389,471,247.0,83.0
3390,471,248.0,82.0
3391,471,249.0,81.0
3392,471,249.0,81.0
3393,472,176.0,66.0
3394,472,177.0,65.0
3395,472,177.0,64.0
3396,472,178.0,64.0
3397,472,179.0,64.0
3398,472,180.0,63.0
3399,472,181.0,63.0
3400,472,182.0,63.0
3401,472,183.0,63.0
3402,473,207.0,52.0
3403,473,208.0,52.0
3404,473,209.0,53.0
3405,474,49.0,73.0
3406,474,49.0,74.0
3407,474,50.0,75.0
3408,474,50.0,76.0
3409,474,50.0,77.0
3410,474,50.0,78.0
3411,474,49.0,79.0
3412,475,15.0,232.0
3413,475,16.0,232.0
3414,476,103.0,242.0
3415,476,102.0,243.0
3416,476,102.0,244.0
3417,476,103.0,245.0
3418,476,103.0,246.0
3419,476,104.0,247.0
3420,476,105.0,248.0
3421,476,106.0,248.0
3422,476,107.0,248.0
3423,477,13.0,169.0
3424,477,13.0,170.0
3425,478,63.0,73.0
3426,478,64.0,74.0
3427,479,30.0,152.0
3428,479,31.0,152.0
3429,479,32.0,151.0
3430,479,32.0,151.0
3431,479,33.0,150.0
3432,479,34.0,149.0
3433,479,35.0,148.0
3434,479,35.0,148.0
3435,480,203.0,70.0
3436,480,203.0,71.0
3437,481,10.0,73.0
3438,481,11.0,73.0
3439,481,11.0,72.0
3440,481,11.0,71.0
3441,481,11.0,71.0
3442,481,12.0,70.0
3443,481,12.0,69.0
3444,481,13.0,68.0
3445,481,13.0,67.0
3446,481,13.0,67.0
3447,481,14.0,66.0
3448,481,15.0,65.0
3449,481,16.0,64.0
3450,482,48.0,202.0
3451,482,48.0,203.0
3452,482,48.0,204.0
3453,483,62.0,202.0
3454,483,63.0,203.0
3455,483,64.0,204.0
3456,484,183.0,63.0
3457,484,183.0,64.0
3458,484,183.0,65.0
3459,484,183.0,66.0
3460,484,183.0,67.0
3461,484,182.0,68.0
3462,484,181.0,69.0
3463,484,181.0,69.0
3464,484,181.0,70.0
3465,484,181.0,71.0
3466,484,180.0,72.0
3467,484,179.0,73.0
3468,484,178.0,74.0
3469,484,178.0,75.0
3470,485,210.0,36.0
3471,485,211.0,35.0
3472,485,212.0,34.0
3473,485,212.0,34.0
3474,485,213.0,33.0
3475,485,213.0,32.0
3476,485,214.0,31.0
3477,485,215.0,30.0
3478,485,215.0,30.0
3479,485,216.0,30.0
3480,485,217.0,29.0
3481,486,240.0,30.0
3482,486,241.0,30.0
3483,486,242.0,30.0
3484,486,243.0,29.0
3485,487,4.0,131.0
3486,487,5.0,132.0
3487,488,13.0,168.0
3488,488,13.0,169.0
3489,489,54.0,233.0
3490,489,54.0,234.0
3491,489,54.0,235.0
3492,489,54.0,236.0
3493,489,54.0,237.0
3494,489,55.0,238.0
3495,489,55.0,239.0
3496,489,56.0,240.0
3497,490,203.0,101.0
3498,490,202.0,102.0
3499,490,202.0,103.0
3500,490,201.0,104.0
3501,490,201.0,105.0
3502,490,200.0,106.0
3503,490,199.0,107.0
3504,490,198.0,108.0
3505,490,198.0,109.0
3506,490,198.0,110.0
3507,490,198.0,111.0
3508,490,198.0,112.0
3509,490,198.0,113.0
3510,490,198.0,114.0
3511,491,64.0,109.0
3512,491,64.0,110.0
3513,491,64.0,111.0
3514,492,139.0,187.0
3515,492,140.0,187.0
3516,492,141.0,188.0
3517,492,141.0,189.0
3518,492,141.0,190.0
3519,492,141.0,191.0
3520,492,141.0,192.0
3521,492,141.0,193.0
3522,492,142.0,194.0
3523,492,142.0,195.0
3524,492,142.0,196.0
3525,492,142.0,197.0
3526,492,143.0,198.0
3527,492,143.0,199.0
3528,492,143.0,200.0
3529,492,144.0,201.0
3530,492,144.0,202.0
3531,492,144.0,203.0
3532,492,144.0,204.0
3533,492,144.0,205.0
3534,492,144.0,206.0
3535,492,145.0,207.0
3536,492,145.0,208.0
3537,492,145.0,209.0
3538,492,146.0,210.0
3539,492,146.0,211.0
3540,492,146.0,212.0
3541,492,146.0,213.0
3542,492,146.0,214.0
3543,492,146.0,215.0
3544,492,146.0,216.0
3545,492,146.0,217.0
3546,492,146.0,218.0
3547,492,146.0,219.0
3548,492,145.0,220.0
3549,492,145.0,221.0
3550,492,145.0,222.0
3551,492,145.0,223.0
3552,492,145.0,224.0
3553,492,145.0,225.0
3554,492,145.0,226.0
3555,492,145.0,227.0
3556,492,145.0,228.0
3557,492,145.0,229.0
3558,492,145.0,230.0
3559,492,144.0,231.0
3560,492,144.0,232.0
3561,492,144.0,233.0
3562,492,144.0,234.0
3563,492,144.0,235.0
3564,492,144.0,236.0
3565,492,143.0,237.0
3566,492,143.0,238.0
3567,492,144.0,239.0
3568,492,144.0,240.0
3569,492,144.0,241.0
3570,492,144.0,242.0
3571,492,144.0,243.0
3572,492,145.0,244.0
3573,493,203.0,71.0
3574,493,202.0,72.0
3575,493,202.0,73.0
3576,493,202.0,74.0
3577,493,201.0,75.0
3578,493,201.0,76.0
3579,493,201.0,77.0
3580,493,200.0,78.0
3581,493,201.0,79.0
3582,493,201.0,80.0
3583,493,201.0,81.0
3584,493,201.0,82.0
3585,493,200.0,83.0
3586,493,200.0,84.0
3587,493,199.0,85.0
3588,493,199.0,86.0
3589,493,198.0,87.0
3590,493,198.0,88.0
3591,493,197.0,89.0
3592,493,197.0,90.0
3593,494,206.0,50.0
3594,494,206.0,50.0
3595,494,207.0,51.0
3596,494,207.0,52.0
3597,495,13.0,166.0
3598,495,13.0,167.0
3599,495,13.0,168.0
3600,496,5.0,128.0
3601,496,4.0,129.0
3602,496,4.0,130.0
3603,496,4.0,131.0
3604,497,52.0,66.0
3605,497,52.0,67.0
3606,497,52.0,68.0
3607,497,52.0,69.0
3608,498,130.0,106.0
3609,498,130.0,107.0
3610,498,131.0,108.0
3611,499,44.0,185.0
3612,499,44.0,186.0
3613,499,44.0,187.0
3614,499,43.0,188.0
3615,499,43.0,189.0
3616,499,44.0,190.0
3617,499,44.0,190.0
3618,499,44.0,191.0
3619,499,45.0,192.0
3620,499,45.0,193.0
3621,499,45.0,194.0
3622,499,45.0,195.0
3623,499,45.0,196.0
3624,499,45.0,197.0
3625,499,45.0,198.0
3626,499,46.0,199.0
3627,499,47.0,200.0
3628,499,47.0,201.0
3629,499,48.0,202.0
3630,500,176.0,33.0
3631,500,177.0,32.0
3632,500,177.0,31.0
3633,500,178.0,30.0
3634,500,178.0,29.0
3635,500,178.0,28.0
3636,500,179.0,27.0
3637,501,239.0,76.0
3638,501,238.0,77.0
3639,501,237.0,78.0
3640,501,236.0,79.0
3641,501,235.0,79.0
3642,501,234.0,79.0
3643,501,234.0,80.0
3644,501,233.0,81.0
3645,501,233.0,82.0
3646,501,232.0,83.0
3647,501,231.0,84.0
3648,501,230.0,84.0
3649,501,229.0,85.0
3650,501,228.0,85.0
3651,501,228.0,86.0
3652,502,72.0,227.0
3653,502,71.0,228.0
3654,502,71.0,229.0
3655,503,64.0,111.0
3656,503,63.0,112.0
3657,503,63.0,112.0
3658,503,62.0,113.0
3659,503,61.0,114.0
3660,503,61.0,114.0
3661,503,61.0,115.0
3662,503,60.0,116.0
3663,503,60.0,117.0
3664,503,59.0,118.0
3665,503,59.0,119.0
3666,503,58.0,120.0
3667,503,58.0,121.0
3668,503,58.0,121.0
3669,503,57.0,122.0
3670,503,56.0,123.0
3671,503,55.0,124.0
3672,503,55.0,125.0
3673,503,54.0,126.0
3674,503,53.0,127.0
3675,503,53.0,128.0
3676,503,52.0,129.0
3677,503,51.0,130.0
3678,503,50.0,131.0
3679,503,49.0,132.0
3680,503,49.0,132.0
3681,503,48.0,133.0
3682,503,48.0,133.0
3683,503,47.0,134.0
3684,503,47.0,135.0
3685,503,47.0,136.0
3686,503,47.0,137.0
3687,503,47.0,138.0
3688,504,50.0,208.0
3689,504,51.0,209.0
3690,504,52.0,210.0
3691,504,52.0,211.0
3692,504,52.0,212.0
3693,504,53.0,213.0
3694,504,53.0,214.0
3695,504,53.0,215.0
3696,504,54.0,216.0
3697,504,54.0,217.0
3698,504,55.0,218.0
3699,504,55.0,219.0
3700,504,55.0,220.0
3701,504,55.0,221.0
3702,504,55.0,222.0
3703,504,55.0,223.0
3704,504,55.0,224.0
3705,505,41.0,233.0
3706,505,42.0,234.0
3707,505,43.0,235.0
3708,505,43.0,236.0
3709,505,44.0,237.0
3710,505,45.0,238.0
3711,505,46.0,239.0
3712,505,46.0,240.0
3713,505,47.0,241.0
3714,505,48.0,242.0
3715,505,48.0,243.0
3716,506,61.0,240.0
3717,506,61.0,241.0
3718,506,62.0,242.0
3719,507,55.0,159.0
3720,507,50.0,159.0
3721,507,51.0,159.0
3722,507,52.0,159.0
3723,507,53.0,159.0
3724,507,54.0,158.0
3725,507,55.0,158.0
3726,507,55.0,157.0
3727,507,56.0,156.0
3728,507,56.0,155.0
3729,507,56.0,154.0
3730,507,57.0,153.0
3731,507,57.0,152.0
3732,508,86.0,57.0
3733,508,87.0,57.0
3734,508,88.0,56.0
3735,509,198.0,136.0
3736,509,199.0,135.0
3737,509,200.0,134.0
3738,509,201.0,133.0
3739,509,202.0,132.0
3740,509,203.0,131.0
3741,509,204.0,130.0
3742,509,204.0,129.0
3743,509,204.0,128.0
3744,509,205.0,127.0
3745,509,205.0,126.0
3746,509,205.0,125.0
3747,509,205.0,124.0
3748,509,205.0,123.0
3749,509,205.0,122.0
3750,509,205.0,121.0
3751,509,205.0,120.0
3752,509,205.0,119.0
3753,509,204.0,118.0
3754,509,204.0,117.0
3755,509,204.0,116.0
3756,509,203.0,115.0
3757,510,183.0,173.0
3758,510,184.0,174.0
3759,510,185.0,175.0
3760,510,185.0,176.0
3761,510,185.0,177.0
3762,510,184.0,178.0
3763,510,184.0,179.0
3764,510,183.0,180.0
3765,510,183.0,181.0
3766,510,184.0,182.0
3767,510,184.0,183.0
3768,510,184.0,184.0
3769,510,183.0,185.0
3770,510,183.0,186.0
3771,510,183.0,187.0
3772,510,183.0,188.0
3773,510,183.0,189.0
3774,510,184.0,190.0
3775,510,184.0,191.0
3776,510,183.0,192.0
3777,510,183.0,193.0
3778,510,184.0,194.0
3779,510,184.0,195.0
3780,510,185.0,196.0
3781,510,185.0,197.0
3782,510,185.0,198.0
3783,510,185.0,199.0
3784,510,185.0,200.0
3785,510,185.0,201.0
3786,510,185.0,202.0
3787,510,185.0,203.0
3788,510,185.0,204.0
3789,510,185.0,205.0
3790,510,185.0,206.0
3791,510,185.0,207.0
3792,510,185.0,208.0
3793,511,152.0,217.0
3794,511,152.0,218.0
3795,511,153.0,219.0
3796,511,153.0,220.0
3797,511,153.0,221.0
3798,511,153.0,222.0
3799,512,155.0,51.0
3800,512,156.0,52.0
3801,512,156.0,53.0
3802,512,156.0,54.0
3803,512,155.0,55.0
3804,512,155.0,56.0
3805,512,155.0,57.0
3806,512,155.0,58.0
3807,512,155.0,59.0
3808,512,155.0,60.0
3809,512,154.0,61.0
3810,512,154.0,62.0
3811,512,154.0,63.0
3812,512,154.0,64.0
3813,513,56.0,192.0
3814,513,56.0,193.0
3815,513,56.0,194.0
3816,513,57.0,195.0
3817,513,57.0,196.0
3818,513,58.0,197.0
3819,513,58.0,198.0
3820,513,59.0,199.0
3821,513,59.0,199.0
3822,513,60.0,200.0
3823,513,61.0,200.0
3824,513,62.0,201.0
3825,513,62.0,202.0
3826,514,121.0,107.0
3827,514,122.0,108.0
3828,515,132.0,98.0
3829,515,133.0,97.0
3830,515,134.0,96.0
3831,515,135.0,96.0
3832,515,136.0,96.0
3833,515,137.0,95.0
3834,516,128.0,104.0
3835,516,129.0,105.0
3836,516,130.0,106.0
3837,517,214.0,66.0
3838,517,214.0,67.0
3839,517,213.0,68.0
3840,517,213.0,69.0
3841,517,213.0,70.0
3842,517,212.0,71.0
3843,517,212.0,72.0
3844,517,211.0,73.0
3845,517,211.0,73.0
3846,517,211.0,74.0
3847,518,196.0,60.0
3848,518,197.0,59.0
3849,519,122.0,108.0
3850,519,122.0,109.0
3851,519,121.0,110.0
3852,519,121.0,111.0
3853,519,120.0,112.0
3854,519,119.0,113.0
3855,519,119.0,114.0
3856,519,119.0,115.0
3857,520,50.0,159.0
3858,520,50.0,160.0
3859,520,49.0,161.0
3860,520,49.0,162.0
3861,520,49.0,163.0
3862,520,49.0,164.0
3863,520,49.0,165.0
3864,520,49.0,166.0
3865,521,15.0,137.0
3866,521,16.0,137.0
3867,521,16.0,136.0
3868,521,17.0,135.0
3869,521,17.0,134.0
3870,521,18.0,133.0
3871,522,46.0,71.0
3872,522,47.0,72.0
3873,522,48.0,72.0
3874,522,49.0,73.0
3875,523,192.0,59.0
3876,523,193.0,60.0
3877,523,194.0,60.0
3878,523,195.0,60.0
3879,523,196.0,60.0
3880,524,64.0,209.0
3881,524,64.0,210.0
3882,524,65.0,211.0
3883,524,65.0,212.0
3884,525,140.0,60.0
3885,525,139.0,61.0
3886,525,139.0,62.0
3887,526,208.0,15.0
3888,526,208.0,16.0
3889,526,208.0,17.0
3890,526,207.0,18.0
3891,526,207.0,19.0
3892,526,206.0,20.0
3893,526,206.0,21.0
3894,526,206.0,22.0
3895,526,206.0,22.0
3896,526,205.0,23.0
3897,526,205.0,24.0
3898,527,210.0,36.0
3899,527,211.0,37.0
3900,527,212.0,38.0
3901,527,213.0,39.0
3902,528,112.0,199.0
3903,528,113.0,200.0
3904,529,152.0,217.0
3905,529,153.0,216.0
3906,529,153.0,215.0
3907,529,154.0,214.0
3908,529,155.0,213.0
3909,529,156.0,212.0
3910,529,157.0,211.0
3911,529,158.0,211.0
3912,530,63.0,149.0
3913,530,64.0,148.0
3914,530,64.0,147.0
3915,530,64.0,146.0
3916,530,64.0,145.0
3917,530,65.0,144.0
3918,530,65.0,144.0
3919,530,66.0,143.0
3920,530,67.0,142.0
3921,530,67.0,141.0
3922,530,68.0,140.0
3923,530,69.0,139.0
3924,530,69.0,138.0
3925,530,70.0,137.0
3926,530,70.0,137.0
3927,530,71.0,136.0
3928,530,72.0,135.0
3929,530,73.0,134.0
3930,530,73.0,133.0
3931,530,74.0,132.0
3932,530,74.0,131.0
3933,530,75.0,130.0
3934,530,76.0,129.0
3935,530,77.0,129.0
3936,530,78.0,129.0
3937,530,79.0,129.0
3938,530,80.0,129.0
3939,531,109.0,101.0
3940,531,110.0,100.0
3941,531,111.0,99.0
3942,531,112.0,98.0
3943,531,113.0,97.0
3944,531,114.0,96.0
3945,531,115.0,95.0
3946,531,115.0,94.0
3947,531,116.0,93.0
3948,531,116.0,92.0
3949,531,116.0,91.0
3950,531,116.0,90.0
3951,531,117.0,89.0
3952,531,117.0,88.0
3953,531,117.0,87.0
3954,531,118.0,86.0
3955,532,135.0,69.0
3956,532,134.0,68.0
3957,532,135.0,67.0
3958,532,135.0,66.0
3959,532,135.0,65.0
3960,532,136.0,64.0
3961,532,137.0,64.0
3962,532,138.0,64.0
3963,532,138.0,63.0
3964,532,139.0,62.0
3965,533,111.0,199.0
3966,533,112.0,199.0
3967,534,179.0,17.0
3968,534,179.0,18.0
3969,534,180.0,19.0
3970,534,180.0,20.0
3971,534,180.0,21.0
3972,534,180.0,22.0
3973,534,180.0,23.0
3974,534,180.0,24.0
3975,534,180.0,25.0
3976,534,179.0,26.0
3977,534,179.0,27.0
3978,535,101.0,182.0
3979,535,101.0,183.0
3980,535,101.0,184.0
3981,535,102.0,185.0
3982,535,102.0,186.0
3983,535,102.0,187.0
3984,535,102.0,188.0
3985,535,102.0,189.0
3986,535,102.0,190.0
3987,535,103.0,191.0
3988,535,103.0,192.0
3989,535,103.0,193.0
3990,535,104.0,194.0
3991,535,104.0,195.0
3992,536,40.0,71.0
3993,536,41.0,70.0
3994,536,41.0,70.0
3995,536,41.0,69.0
3996,536,41.0,68.0
3997,536,42.0,67.0
3998,536,42.0,66.0
3999,536,42.0,65.0
4000,536,42.0,64.0
4001,536,43.0,63.0
4002,536,43.0,63.0
4003,536,44.0,62.0
4004,536,44.0,61.0
4005,536,44.0,60.0
4006,536,44.0,59.0
4007,536,45.0,58.0
4008,536,45.0,57.0
4009,536,45.0,56.0
4010,536,45.0,55.0
4011,537,182.0,169.0
4012,537,183.0,169.0
4013,537,184.0,168.0
4014,537,185.0,167.0
4015,537,186.0,166.0
4016,537,187.0,165.0
4017,537,188.0,164.0
4018,537,188.0,163.0
4019,537,188.0,162.0
4020,537,188.0,161.0
4021,537,189.0,160.0
4022,537,189.0,159.0
4023,537,189.0,158.0
4024,537,189.0,157.0
4025,537,190.0,157.0
4026,537,191.0,157.0
4027,537,192.0,156.0
4028,537,192.0,155.0
4029,537,193.0,154.0
4030,537,194.0,153.0
4031,537,195.0,152.0
4032,537,196.0,151.0
4033,537,197.0,150.0
4034,537,198.0,149.0
4035,537,199.0,148.0
4036,537,200.0,147.0
4037,538,45.0,16.0
4038,538,45.0,17.0
4039,538,45.0,18.0
4040,538,45.0,19.0
4041,539,21.0,64.0
4042,539,22.0,63.0
4043,540,99.0,215.0
4044,540,99.0,216.0
4045,540,99.0,217.0
4046,540,100.0,218.0
4047,540,100.0,219.0
4048,540,101.0,220.0
4049,540,101.0,221.0
4050,540,102.0,222.0
4051,540,102.0,223.0
4052,540,102.0,224.0
4053,540,102.0,225.0
4054,540,103.0,226.0
4055,540,103.0,227.0
4056,541,145.0,81.0
4057,541,145.0,82.0
4058,541,145.0,83.0
4059,541,145.0,84.0
4060,541,145.0,85.0
4061,541,144.0,86.0
4062,541,144.0,86.0
4063,541,144.0,87.0
4064,541,144.0,88.0
4065,541,144.0,89.0
4066,541,143.0,90.0
4067,541,143.0,91.0
4068,542,183.0,89.0
4069,542,183.0,90.0
4070,542,183.0,91.0
4071,542,182.0,92.0
4072,542,182.0,93.0
4073,542,181.0,94.0
4074,542,181.0,95.0
4075,542,181.0,96.0
4076,542,180.0,97.0
4077,542,179.0,98.0
4078,542,179.0,99.0
4079,542,179.0,100.0
4080,542,179.0,101.0
4081,543,210.0,36.0
4082,543,209.0,36.0
4083,543,208.0,36.0
4084,543,207.0,37.0
4085,543,206.0,38.0
4086,543,206.0,39.0
4087,543,205.0,40.0
4088,543,205.0,41.0
4089,543,204.0,42.0
4090,543,204.0,43.0
4091,544,20.0,64.0
4092,544,21.0,64.0
4093,545,132.0,98.0
4094,545,132.0,99.0
4095,545,132.0,100.0
4096,546,50.0,159.0
4097,546,51.0,158.0
4098,546,51.0,157.0
4099,546,51.0,156.0
4100,546,51.0,155.0
4101,546,52.0,154.0
4102,546,52.0,153.0
4103,546,52.0,152.0
4104,546,52.0,151.0
4105,546,53.0,150.0
4106,546,53.0,149.0
4107,546,53.0,148.0
4108,546,54.0,147.0
4109,546,55.0,146.0
4110,546,56.0,145.0
4111,546,56.0,144.0
4112,546,57.0,143.0
4113,546,57.0,142.0
4114,546,57.0,142.0
4115,546,58.0,141.0
4116,546,59.0,140.0
4117,546,59.0,139.0
4118,546,59.0,138.0
4119,546,60.0,137.0
4120,546,60.0,136.0
4121,547,15.0,137.0
4122,547,15.0,138.0
4123,548,16.0,64.0
4124,548,17.0,64.0
4125,548,18.0,64.0
4126,548,19.0,64.0
4127,548,20.0,64.0
4128,549,23.0,126.0
4129,549,24.0,126.0
4130,550,234.0,25.0
4131,550,234.0,25.0
4132,550,235.0,24.0
4133,550,236.0,23.0
4134,550,237.0,22.0
4135,550,238.0,22.0
4136,550,239.0,21.0
4137,550,240.0,21.0
4138,550,241.0,20.0
4139,550,241.0,20.0
4140,550,242.0,19.0
4141,550,243.0,18.0
4142,550,244.0,17.0
4143,550,245.0,16.0
4144,551,210.0,75.0
4145,551,211.0,74.0
4146,552,132.0,100.0
4147,552,132.0,101.0
4148,553,57.0,98.0
4149,553,58.0,97.0
4150,553,59.0,96.0
4151,553,60.0,95.0
4152,554,210.0,231.0
4153,554,210.0,232.0
4154,555,176.0,155.0
4155,555,177.0,154.0
4156,555,177.0,153.0
4157,556,120.0,152.0
4158,556,120.0,153.0
4159,556,120.0,154.0
4160,556,120.0,155.0
4161,556,120.0,156.0
4162,557,9.0,78.0
4163,557,10.0,77.0
4164,557,10.0,76.0
4165,557,10.0,75.0
4166,557,10.0,74.0
4167,557,10.0,73.0
4168,558,119.0,115.0
4169,558,118.0,116.0
4170,558,118.0,117.0
4171,558,118.0,118.0
4172,558,117.0,119.0
4173,558,117.0,119.0
4174,558,116.0,120.0
4175,558,116.0,120.0
4176,558,115.0,121.0
4177,558,115.0,122.0
4178,558,114.0,123.0
4179,558,114.0,124.0
4180,558,114.0,125.0
4181,558,114.0,126.0
4182,558,113.0,127.0
4183,558,113.0,128.0
4184,558,113.0,129.0
4185,558,113.0,130.0
4186,558,112.0,131.0
4187,558,112.0,132.0
4188,558,111.0,133.0
4189,558,111.0,134.0
4190,558,111.0,135.0
4191,558,110.0,136.0
4192,558,110.0,137.0
4193,558,110.0,138.0
4194,558,110.0,139.0
4195,558,109.0,140.0
4196,558,109.0,141.0
4197,558,109.0,142.0
4198,558,109.0,143.0
4199,558,109.0,144.0
4200,558,108.0,145.0
4201,558,108.0,146.0
4202,558,108.0,147.0
4203,558,108.0,148.0
4204,558,108.0,149.0
4205,558,107.0,150.0
4206,558,107.0,151.0
4207,558,107.0,152.0
4208,558,107.0,153.0
4209,558,106.0,154.0
4210,558,106.0,155.0
4211,558,106.0,156.0
4212,558,106.0,157.0
4213,558,106.0,158.0
4214,558,106.0,159.0
4215,558,106.0,160.0
4216,558,107.0,161.0
4217,558,107.0,162.0
4218,558,107.0,163.0
4219,558,108.0,164.0
4220,558,108.0,165.0
4221,558,108.0,166.0
4222,558,108.0,167.0
4223,558,109.0,168.0
4224,559,165.0,25.0
4225,559,166.0,24.0
4226,559,167.0,23.0
4227,559,167.0,23.0
4228,559,168.0,22.0
4229,559,169.0,22.0
4230,559,170.0,22.0
4231,559,171.0,22.0
4232,559,172.0,21.0
4233,559,172.0,21.0
4234,559,173.0,20.0
4235,559,173.0,19.0
4236,559,173.0,19.0
4237,559,174.0,18.0
4238,559,175.0,18.0
4239,559,176.0,18.0
4240,559,177.0,18.0
4241,559,178.0,18.0
4242,559,178.0,18.0
4243,559,179.0,17.0
4244,560,69.0,220.0
4245,560,68.0,219.0
4246,560,68.0,220.0
4247,560,67.0,221.0
4248,560,67.0,222.0
4249,560,66.0,223.0
4250,560,66.0,224.0
4251,560,65.0,225.0
4252,560,65.0,226.0
4253,560,65.0,227.0
4254,560,66.0,228.0
4255,560,66.0,229.0
4256,560,66.0,230.0
4257,560,66.0,231.0
4258,560,66.0,232.0
4259,560,67.0,233.0
4260,560,68.0,234.0
4261,560,68.0,235.0
4262,560,69.0,236.0
4263,561,176.0,155.0
4264,561,176.0,155.0
4265,561,176.0,156.0
4266,562,34.0,207.0
4267,562,33.0,208.0
4268,562,33.0,209.0
4269,562,33.0,210.0
4270,562,33.0,211.0
4271,562,33.0,212.0
4272,562,33.0,213.0
4273,562,33.0,214.0
4274,562,33.0,215.0
4275,562,33.0,216.0
4276,562,33.0,217.0
4277,562,33.0,218.0
4278,562,33.0,219.0
4279,562,33.0,220.0
4280,562,33.0,221.0
4281,562,33.0,221.0
4282,562,34.0,222.0
4283,562,34.0,223.0
4284,562,34.0,224.0
4285,562,35.0,225.0
4286,562,35.0,226.0
4287,562,36.0,227.0
4288,562,37.0,228.0
4289,562,37.0,228.0
4290,562,38.0,229.0
4291,562,39.0,230.0
4292,562,40.0,231.0
4293,562,41.0,232.0
4294,562,41.0,233.0
4295,563,203.0,99.0
4296,563,203.0,100.0
4297,563,203.0,101.0
4298,564,81.0,47.0
4299,564,81.0,48.0
4300,565,191.0,44.0
4301,565,192.0,43.0
4302,565,193.0,43.0
4303,565,194.0,43.0
4304,565,195.0,42.0
4305,565,196.0,41.0
4306,565,196.0,40.0
4307,565,197.0,39.0
4308,565,197.0,39.0
4309,565,198.0,38.0
4310,565,198.0,37.0
4311,565,198.0,36.0
4312,565,199.0,35.0
4313,565,200.0,34.0
4314,565,200.0,33.0
4315,565,201.0,32.0
4316,565,201.0,31.0
4317,565,201.0,30.0
4318,565,201.0,29.0
4319,565,202.0,28.0
4320,565,202.0,27.0
4321,565,203.0,26.0
4322,565,204.0,25.0
4323,565,205.0,24.0
4324,566,153.0,222.0
4325,566,154.0,222.0
4326,566,154.0,222.0
4327,566,155.0,223.0
4328,566,156.0,223.0
4329,566,157.0,223.0
4330,566,158.0,224.0
4331,566,158.0,224.0
4332,566,158.0,225.0
4333,566,158.0,226.0
4334,566,158.0,227.0
4335,566,158.0,228.0
4336,566,158.0,229.0
4337,566,158.0,230.0
4338,567,150.0,177.0
4339,567,150.0,178.0
4340,567,150.0,179.0
4341,567,150.0,180.0
4342,567,150.0,181.0
4343,567,150.0,182.0
4344,567,150.0,183.0
4345,567,150.0,184.0
4346,567,150.0,185.0
4347,567,150.0,186.0
4348,567,150.0,187.0
4349,567,149.0,188.0
4350,567,149.0,189.0
4351,567,149.0,190.0
4352,567,149.0,191.0
4353,567,149.0,192.0
4354,567,149.0,193.0
4355,567,150.0,194.0
4356,567,150.0,195.0
4357,568,203.0,99.0
4358,568,204.0,98.0
4359,568,204.0,97.0
4360,568,205.0,96.0
4361,568,205.0,95.0
4362,568,205.0,94.0
4363,568,206.0,93.0
4364,569,27.0,195.0
4365,569,28.0,194.0
4366,569,28.0,193.0
4367,569,28.0,192.0
4368,569,29.0,191.0
4369,569,29.0,190.0
4370,569,29.0,189.0
4371,569,30.0,188.0
4372,569,30.0,187.0
4373,569,31.0,186.0
4374,569,31.0,185.0
4375,569,31.0,184.0
4376,569,31.0,183.0
4377,569,31.0,182.0
4378,569,31.0,181.0
4379,569,31.0,180.0
4380,569,31.0,179.0
4381,569,30.0,178.0
4382,570,86.0,102.0
4383,570,87.0,101.0
4384,570,88.0,101.0
4385,570,89.0,100.0
4386,571,58.0,162.0
4387,571,57.0,163.0
4388,571,56.0,164.0
4389,571,55.0,165.0
4390,571,55.0,166.0
4391,571,54.0,167.0
4392,571,54.0,168.0
4393,571,54.0,169.0
4394,571,54.0,170.0
4395,571,54.0,171.0
4396,571,54.0,172.0
4397,571,55.0,173.0
4398,571,55.0,174.0
4399,571,55.0,175.0
4400,571,55.0,175.0
4401,571,56.0,176.0
4402,571,56.0,177.0
4403,571,57.0,178.0
4404,571,57.0,179.0
4405,571,57.0,180.0
4406,571,58.0,181.0
4407,571,58.0,182.0
4408,571,59.0,183.0
4409,571,59.0,184.0
4410,571,59.0,185.0
4411,572,197.0,90.0
4412,572,197.0,91.0
4413,572,197.0,92.0
4414,572,197.0,93.0
4415,573,142.0,95.0
4416,573,143.0,94.0
4417,573,143.0,93.0
4418,573,143.0,92.0
4419,573,143.0,91.0
4420,574,233.0,107.0
4421,574,234.0,106.0
4422,574,234.0,105.0
4423,574,234.0,104.0
4424,574,234.0,103.0
4425,574,234.0,102.0
4426,574,235.0,101.0
4427,574,236.0,100.0
4428,574,236.0,99.0
4429,574,236.0,98.0
4430,574,236.0,97.0
4431,574,236.0,96.0
4432,574,237.0,95.0
4433,575,43.0,183.0
4434,575,44.0,184.0
4435,575,44.0,185.0
4436,576,204.0,43.0
4437,576,205.0,44.0
4438,576,205.0,45.0
4439,576,205.0,46.0
4440,576,205.0,47.0
4441,576,204.0,48.0
4442,576,205.0,49.0
4443,576,206.0,50.0
4444,576,206.0,50.0
4445,577,99.0,179.0
4446,577,100.0,180.0
4447,577,100.0,181.0
4448,577,100.0,181.0
4449,577,101.0,182.0
4450,578,90.0,97.0
4451,578,89.0,98.0
4452,578,89.0,99.0
4453,578,89.0,100.0
4454,579,93.0,205.0
4455,579,93.0,206.0
4456,579,94.0,207.0
4457,579,95.0,208.0
4458,579,95.0,209.0
4459,579,96.0,210.0
4460,579,96.0,211.0
4461,579,97.0,212.0
4462,579,98.0,213.0
4463,579,99.0,214.0
4464,579,99.0,215.0
4465,580,28.0,231.0
4466,580,29.0,232.0
4467,581,198.0,191.0
4468,581,199.0,190.0
4469,581,199.0,189.0
4470,581,200.0,188.0
4471,581,200.0,187.0
4472,581,200.0,186.0
4473,581,200.0,185.0
4474,581,200.0,184.0
4475,581,200.0,183.0
4476,581,200.0,182.0
4477,581,201.0,181.0
4478,581,201.0,180.0
4479,581,201.0,179.0
4480,581,201.0,178.0
4481,581,201.0,177.0
4482,581,202.0,176.0
4483,581,202.0,175.0
4484,581,202.0,174.0
4485,582,101.0,177.0
4486,582,100.0,177.0
4487,582,99.0,178.0
4488,582,99.0,179.0
4489,583,27.0,230.0
4490,583,28.0,231.0
4491,584,205.0,89.0
4492,584,205.0,90.0
4493,584,206.0,91.0
4494,584,206.0,92.0
4495,584,206.0,93.0
4496,585,139.0,42.0
4497,585,140.0,41.0
4498,585,141.0,40.0
4499,585,142.0,39.0
4500,585,142.0,38.0
4501,585,142.0,37.0
4502,585,142.0,36.0
4503,585,143.0,35.0
4504,585,144.0,34.0
4505,585,144.0,33.0
4506,585,145.0,32.0
4507,585,145.0,31.0
4508,585,146.0,30.0
4509,585,146.0,29.0
4510,585,146.0,29.0
4511,585,147.0,28.0
4512,585,147.0,27.0
4513,585,147.0,26.0
4514,586,90.0,97.0
4515,586,91.0,96.0
4516,586,92.0,96.0
4517,586,93.0,95.0
4518,586,94.0,94.0
4519,586,94.0,93.0
4520,586,95.0,92.0
4521,586,96.0,91.0
4522,586,97.0,90.0
4523,586,97.0,89.0
4524,587,228.0,194.0
4525,587,228.0,195.0
4526,587,228.0,196.0
4527,587,228.0,197.0
4528,587,229.0,198.0
4529,588,203.0,115.0
4530,588,203.0,115.0
4531,588,204.0,114.0
4532,589,107.0,106.0
4533,589,108.0,105.0
4534,589,108.0,104.0
4535,589,109.0,103.0
4536,589,109.0,102.0
4537,589,109.0,101.0
4538,590,112.0,207.0
4539,590,112.0,208.0
4540,590,111.0,208.0
4541,590,110.0,209.0
4542,590,110.0,210.0
4543,590,109.0,211.0
4544,590,109.0,212.0
4545,590,109.0,213.0
4546,590,110.0,214.0
4547,590,110.0,215.0
4548,590,110.0,216.0
4549,590,110.0,217.0
4550,590,110.0,218.0
4551,590,110.0,219.0
4552,590,111.0,220.0
4553,590,111.0,221.0
4554,590,111.0,222.0
4555,590,111.0,223.0
4556,591,80.0,150.0
4557,591,79.0,151.0
4558,591,79.0,152.0
4559,591,79.0,153.0
4560,591,79.0,154.0
4561,591,79.0,155.0
4562,591,79.0,156.0
4563,591,79.0,157.0
4564,591,79.0,158.0
4565,591,79.0,159.0
4566,591,79.0,160.0
4567,591,81.0,161.0
4568,591,82.0,161.0
4569,591,83.0,161.0
4570,591,84.0,162.0
4571,592,204.0,111.0
4572,592,204.0,112.0
4573,592,204.0,113.0
4574,592,204.0,114.0
4575,593,82.0,186.0
4576,593,82.0,187.0
4577,593,82.0,188.0
4578,593,83.0,189.0
4579,593,84.0,190.0
4580,593,85.0,191.0
4581,593,85.0,192.0
4582,593,86.0,193.0
4583,593,86.0,194.0
4584,593,86.0,195.0
4585,593,86.0,196.0
4586,593,86.0,197.0
4587,593,86.0,197.0
4588,593,84.0,198.0
4589,594,228.0,194.0
4590,594,228.0,193.0
4591,594,228.0,192.0
4592,594,228.0,191.0
4593,594,229.0,190.0
4594,594,228.0,189.0
4595,594,229.0,188.0
4596,595,232.0,28.0
4597,595,233.0,27.0
4598,595,233.0,27.0
4599,595,234.0,25.0
4600,596,219.0,129.0
4601,596,218.0,130.0
4602,596,217.0,130.0
4603,596,216.0,131.0
4604,596,216.0,132.0
4605,596,216.0,133.0
4606,596,216.0,134.0
4607,596,217.0,135.0
4608,596,217.0,135.0
4609,596,217.0,136.0
4610,596,218.0,137.0
4611,596,219.0,137.0
4612,596,220.0,138.0
4613,597,150.0,174.0
4614,597,150.0,175.0
4615,597,151.0,176.0
4616,597,150.0,177.0
4617,598,179.0,17.0
4618,598,180.0,16.0
4619,598,181.0,15.0
4620,598,182.0,15.0
4621,598,183.0,14.0
4622,598,183.0,13.0
4623,598,182.0,12.0
4624,598,182.0,11.0
4625,598,182.0,10.0
4626,598,181.0,9.0
4627,598,182.0,8.0
4628,598,182.0,7.0
4629,598,183.0,6.0
4630,598,183.0,6.0
4631,598,183.0,5.0
4632,599,97.0,89.0
4633,599,98.0,88.0
4634,599,99.0,88.0
4635,600,202.0,174.0
4636,600,203.0,173.0
4637,600,204.0,173.0
4638,601,60.0,136.0
4639,601,61.0,135.0
4640,601,62.0,134.0
4641,601,63.0,133.0
4642,601,64.0,132.0
4643,601,65.0,132.0
4644,601,66.0,131.0
4645,602,99.0,88.0
4646,602,100.0,87.0
4647,602,101.0,86.0
4648,602,102.0,85.0
4649,602,103.0,84.0
4650,602,104.0,84.0
4651,602,105.0,83.0
4652,602,105.0,82.0
4653,602,105.0,81.0
4654,602,106.0,80.0
4655,602,106.0,79.0
4656,602,106.0,78.0
4657,602,107.0,77.0
4658,602,107.0,76.0
4659,602,107.0,75.0
4660,602,108.0,74.0
4661,602,108.0,73.0
4662,602,109.0,72.0
4663,602,110.0,71.0
4664,602,110.0,71.0
4665,602,110.0,70.0
4666,602,110.0,69.0
4667,602,110.0,68.0
4668,602,110.0,67.0
4669,602,110.0,66.0
4670,602,111.0,65.0
4671,602,112.0,64.0
4672,602,112.0,63.0
4673,602,112.0,63.0
4674,602,113.0,62.0
4675,602,114.0,62.0
4676,602,114.0,61.0
4677,602,115.0,60.0
4678,603,206.0,155.0
4679,603,205.0,156.0
4680,603,204.0,157.0
4681,603,204.0,157.0
4682,603,204.0,158.0
4683,603,204.0,159.0
4684,603,204.0,160.0
4685,603,205.0,161.0
4686,603,205.0,162.0
4687,603,204.0,163.0
4688,603,205.0,164.0
4689,603,205.0,165.0
4690,603,205.0,166.0
4691,603,205.0,167.0
4692,603,205.0,168.0
4693,603,204.0,169.0
4694,603,204.0,169.0
4695,603,204.0,170.0
4696,603,204.0,171.0
4697,603,204.0,172.0
4698,603,204.0,173.0
4699,604,63.0,149.0
4700,604,64.0,150.0
4701,604,64.0,151.0
4702,604,64.0,152.0
4703,604,64.0,153.0
4704,604,64.0,154.0
4705,604,64.0,155.0
4706,604,64.0,156.0
4707,604,64.0,157.0
4708,604,64.0,158.0
4709,604,63.0,159.0
4710,604,63.0,160.0
4711,604,63.0,161.0
4712,604,63.0,162.0
4713,604,63.0,163.0
4714,604,63.0,164.0
4715,604,63.0,165.0
4716,604,63.0,166.0
4717,604,63.0,167.0
4718,604,63.0,168.0
4719,604,63.0,169.0
4720,604,63.0,170.0
4721,604,63.0,171.0
4722,604,63.0,172.0
4723,604,63.0,173.0
4724,604,63.0,174.0
4725,604,63.0,175.0
4726,604,63.0,176.0
4727,605,14.0,190.0
4728,605,15.0,190.0
4729,606,14.0,190.0
4730,606,14.0,191.0
4731,606,14.0,192.0
4732,606,13.0,193.0
4733,606,13.0,194.0
4734,606,13.0,195.0
4735,607,232.0,68.0
4736,607,231.0,69.0
4737,607,230.0,70.0
4738,607,229.0,70.0
4739,607,228.0,71.0
4740,607,227.0,71.0
4741,607,227.0,72.0
4742,607,226.0,73.0
4743,607,225.0,74.0
4744,607,225.0,75.0
4745,607,225.0,76.0
4746,607,224.0,77.0
4747,607,224.0,78.0
4748,607,223.0,79.0
4749,607,222.0,79.0
4750,607,222.0,80.0
4751,607,222.0,81.0
4752,608,206.0,155.0
4753,608,207.0,154.0
4754,608,208.0,153.0
4755,608,209.0,152.0
4756,608,210.0,151.0
4757,608,211.0,150.0
4758,608,211.0,149.0
4759,609,109.0,168.0
4760,609,110.0,169.0
4761,609,110.0,170.0
4762,609,111.0,171.0
4763,609,111.0,172.0
4764,609,111.0,173.0
4765,609,112.0,174.0
4766,610,112.0,174.0
4767,610,113.0,175.0
4768,610,114.0,176.0
4769,610,115.0,177.0
4770,610,116.0,178.0
4771,610,116.0,179.0
4772,610,116.0,180.0
4773,610,117.0,181.0
4774,610,118.0,182.0
4775,610,118.0,182.0
4776,610,119.0,183.0
4777,610,119.0,184.0
4778,610,119.0,185.0
4779,610,120.0,186.0
4780,610,120.0,187.0
4781,610,121.0,188.0
4782,610,122.0,189.0
4783,610,122.0,190.0
4784,610,123.0,191.0
4785,610,123.0,192.0
4786,610,123.0,193.0
4787,610,124.0,194.0
4788,610,124.0,195.0
4789,610,124.0,196.0
4790,610,125.0,197.0
4791,610,125.0,197.0
4792,610,125.0,198.0
4793,610,125.0,199.0
4794,610,126.0,200.0
4795,610,126.0,201.0
4796,610,127.0,202.0
4797,610,127.0,203.0
4798,610,127.0,204.0
4799,610,128.0,205.0
4800,610,128.0,206.0
4801,610,128.0,207.0
4802,610,129.0,208.0
4803,610,129.0,208.0
4804,610,129.0,209.0
4805,610,129.0,210.0
4806,610,130.0,211.0
4807,610,130.0,212.0
4808,610,130.0,213.0
4809,610,130.0,214.0
4810,610,130.0,215.0
4811,610,131.0,216.0
4812,610,131.0,217.0
4813,610,131.0,218.0
4814,610,131.0,219.0
4815,610,131.0,220.0
4816,610,132.0,221.0
4817,610,132.0,222.0
4818,610,132.0,223.0
4819,610,133.0,224.0
4820,610,133.0,225.0
4821,610,133.0,225.0
4822,610,134.0,226.0
4823,610,134.0,227.0
4824,610,134.0,228.0
4825,610,134.0,229.0
4826,610,135.0,230.0
4827,610,136.0,231.0
4828,610,137.0,232.0
4829,611,115.0,58.0
4830,611,115.0,59.0
4831,611,115.0,60.0
4832,612,144.0,128.0
4833,612,143.0,129.0
4834,612,143.0,130.0
4835,612,143.0,131.0
4836,612,143.0,132.0
4837,612,142.0,133.0
4838,612,142.0,134.0
4839,612,141.0,135.0
4840,612,141.0,136.0
4841,612,141.0,136.0
4842,612,140.0,137.0
4843,612,140.0,138.0
4844,612,140.0,139.0
4845,612,139.0,140.0
4846,612,139.0,140.0
4847,612,139.0,141.0
4848,612,138.0,142.0
4849,612,138.0,143.0
4850,612,138.0,143.0
4851,612,137.0,144.0
4852,612,136.0,145.0
4853,612,136.0,146.0
4854,612,136.0,147.0
4855,612,135.0,148.0
4856,612,135.0,149.0
4857,612,135.0,150.0
4858,612,135.0,151.0
4859,612,135.0,152.0
4860,612,135.0,153.0
4861,612,135.0,154.0
4862,612,135.0,155.0
4863,612,135.0,156.0
4864,612,134.0,157.0
4865,612,134.0,158.0
4866,612,134.0,159.0
4867,612,134.0,160.0
4868,612,134.0,161.0
4869,612,133.0,162.0
4870,612,133.0,163.0
4871,612,133.0,164.0
4872,612,133.0,165.0
4873,612,133.0,166.0
4874,612,133.0,167.0
4875,612,133.0,168.0
4876,612,133.0,169.0
4877,612,134.0,170.0
4878,612,134.0,171.0
4879,612,134.0,172.0
4880,612,134.0,173.0
4881,612,134.0,174.0
4882,612,134.0,175.0
4883,612,134.0,176.0
4884,612,134.0,177.0
4885,612,134.0,178.0
4886,612,134.0,179.0
4887,612,134.0,180.0
4888,612,134.0,181.0
4889,612,134.0,182.0
4890,612,135.0,183.0
4891,612,135.0,184.0
4892,612,136.0,185.0
4893,612,136.0,186.0
4894,612,136.0,187.0
4895,612,136.0,188.0
4896,612,136.0,189.0
4897,612,137.0,190.0
4898,613,184.0,103.0
4899,613,185.0,104.0
4900,613,185.0,105.0
4901,613,185.0,106.0
4902,613,185.0,107.0
4903,613,185.0,108.0
